,نماد,نام,تعداد,حجم,ارزش,دیروز,اولین,آخرین معامله - مقدار,آخرین معامله - تغییر,آخرین معامله - درصد,قیمت پایانی - مقدار,قیمت پایانی - تغییر,قیمت پایانی - درصد,کمترین,بیشترین,تاریخ,gregorian_date
0,سپيد,سپيد ماكيان,66298,43441127,1100291841060,18000,25200,26460,8460,47,25330,7330,40.72,25200,26460,1400-5-4,2021-07-26
1,لطيف,محصولات كاغذي لطيف,35723,6077402,387659781547,65636,67500,62355,-3281,-5,63787,-1849,-2.82,62355,68250,1400-5-4,2021-07-26
2,ولكار,ليزينگ كارآفرين,25707,31541026,133582866844,4427,4466,4206,-221,-4.99,4235,-192,-4.34,4206,4470,1400-5-4,2021-07-26
3,شستا,سرمايه گذاري تامين اجتماعي,24919,99109915,1284479355010,13030,13050,12870,-160,-1.23,12960,-70,-0.54,12820,13260,1400-5-4,2021-07-26
4,بركت,گروه دارويي بركت,19092,30686481,1214158145260,40620,40990,39080,-1540,-3.79,39570,-1050,-2.58,39000,40990,1400-5-4,2021-07-26
5,فگستر,گسترش صنايع روي ايرانيان,16762,8254236,125344956827,14888,14950,14990,102,0.69,15186,298,2,14890,15540,1400-5-4,2021-07-26
6,ومدير,گ.مديريت ارزش سرمايه ص ب كشوري,16690,34692780,148222467295,4240,4251,4248,8,0.19,4272,32,0.75,4221,4333,1400-5-4,2021-07-26
7,پالايش,صندوق پالايشي يكم-سهام,16149,12264718,874364349340,71310,71330,71110,-200,-0.28,71290,-20,-0.03,71050,71850,1400-5-4,2021-07-26
8,فتوسا,توليد و توسعه سرب روي ايرانيان,13799,3648675,55277819886,14757,15130,15050,293,1.99,15150,393,2.66,14950,15350,1400-5-4,2021-07-26
9,چخزر,صنايع چوب خزر كاسپين,12241,5558374,222377608010,39935,39783,40820,885,2.22,40008,73,0.18,38070,41930,1400-5-4,2021-07-26
10,كاما,باما,11867,86051334,1072645562850,12010,12610,12340,330,2.75,12470,460,3.83,12200,12610,1400-5-4,2021-07-26
11,اپال,فرآوري معدني اپال كاني پارس,11642,6997215,145979860520,20590,20950,20890,300,1.46,20860,270,1.31,20500,21120,1400-5-4,2021-07-26
12,دارا يكم,صندوق واسطه گري مالي يكم-سهام,11329,5458432,657792246180,121130,120570,119940,-1190,-0.98,120510,-620,-0.51,119500,121750,1400-5-4,2021-07-26
13,كرمان,س. توسعه و عمران استان كرمان,11273,322810278,434146590462,1383,1372,1327,-56,-4.05,1345,-38,-2.75,1314,1420,1400-5-4,2021-07-26
14,خگستر,گسترش‌سرمايه‌گذاري‌ايران‌خودرو,10423,210932672,571483364570,2776,2776,2667,-109,-3.93,2709,-67,-2.41,2656,2819,1400-5-4,2021-07-26
15,غكورش,صنعت غذايي كورش,10331,20092262,831422125600,39440,41410,41410,1970,4.99,41380,1940,4.92,39870,41410,1400-5-4,2021-07-26
16,پترول,گ.س.وت.ص.پتروشيمي خليج فارس,9863,62600021,600663484910,9300,9430,9540,240,2.58,9600,300,3.23,9350,9760,1400-5-4,2021-07-26
17,بوعلي,پتروشيمي بوعلي سينا,8763,9697403,514244302430,50570,52000,53090,2520,4.98,53030,2460,4.86,51590,53090,1400-5-4,2021-07-26
18,گدنا,تهيه توزيع غذاي دنا آفرين فدك,8342,2915544,63543521664,21434,21600,21765,331,1.54,21795,361,1.68,20363,22200,1400-5-4,2021-07-26
19,غگيلا,شيرپاستوريزه پگاه گيلان,8281,14957761,302794854177,19570,20548,20500,930,4.75,20243,673,3.44,19200,20548,1400-5-4,2021-07-26
20,ثبهساز,بهساز كاشانه تهران,7650,34327647,75924261861,2240,2226,2171,-69,-3.08,2212,-28,-1.25,2166,2268,1400-5-4,2021-07-26
21,كزغال,زغال سنگ پروده طبس,7441,3065738,105919608920,34892,35000,34220,-672,-1.93,34549,-343,-0.98,34101,35750,1400-5-4,2021-07-26
22,غزر,صنعتي زر ماكارون,7241,3315370,78667752910,23740,23740,23670,-70,-0.29,23730,-10,-0.04,22580,24200,1400-5-4,2021-07-26
23,زملارد,كشاورزي و دامپروري ملارد شير,7159,1781056,53065148235,29499,29340,30201,702,2.38,29794,295,1,28813,30400,1400-5-4,2021-07-26
24,نوري,پتروشيمي نوري,6762,6296144,508311083880,79670,79400,81060,1390,1.74,80730,1060,1.33,79210,82440,1400-5-4,2021-07-26
25,رافزا,رايان هم افزا,6653,792816,61923694977,79801,78700,77200,-2601,-3.26,78106,-1695,-2.12,76850,80590,1400-5-4,2021-07-26
26,ثاميد,توسعه و عمران اميد,6514,52963221,90908350606,1722,1700,1702,-20,-1.16,1716,-6,-0.35,1693,1740,1400-5-4,2021-07-26
27,كالا,بورس كالاي ايران,6497,17721926,403307700900,22020,22700,22690,670,3.04,22760,740,3.36,21570,23120,1400-5-4,2021-07-26
28,فاراكح,ح . ماشين‌ سازي‌ اراك‌,6072,128725020,131328603910,1056,1075,990,-66,-6.25,1020,-36,-3.41,990,1075,1400-5-4,2021-07-26
29,فخوز,فولاد  خوزستان,6067,61485715,979935876730,15260,15600,15890,630,4.13,15940,680,4.46,15500,16020,1400-5-4,2021-07-26
30,سيتا,سرمايه گذاري سيمان تامين,6042,8291000,124951689470,15410,15490,14960,-450,-2.92,15070,-340,-2.21,14930,15550,1400-5-4,2021-07-26
31,وخارزم,سرمايه گذاري خوارزمي,5936,75441908,454857577140,5770,5960,6050,280,4.85,6030,260,4.51,5810,6050,1400-5-4,2021-07-26
32,امين يكم,صندوق درآمد ثابت امين يكم فردا,5667,162391547,1625606528273,10120,10015,10008,-112,-1.11,10010,-110,-1.09,9999,10015,1400-5-4,2021-07-26
33,اخابر,مخابرات ايران,5549,95809591,881795542650,8800,8990,9080,280,3.18,9200,400,4.55,8900,9240,1400-5-4,2021-07-26
34,وكبهمن,مديريت سرمايه گذاري كوثربهمن,5548,1992458,22146235565,11104,11100,10998,-106,-0.95,11115,11,0.1,10950,11280,1400-5-4,2021-07-26
35,آريا,پليمر آريا ساسول,5382,1826779,166189648370,89676,90000,91020,1344,1.5,90974,1298,1.45,90000,91922,1400-5-4,2021-07-26
36,ولپارس,ليزينگ پارسيان,5338,7567299,31574673924,4255,4310,4130,-125,-2.94,4173,-82,-1.93,4072,4344,1400-5-4,2021-07-26
37,آبادا,توليد نيروي برق آبادان,5317,4043192,53167531510,13650,13460,12980,-670,-4.91,13150,-500,-3.66,12970,14000,1400-5-4,2021-07-26
38,كيان,صندوق س. با درآمد ثابت كيان,5230,131949231,3903531434791,29467,29587,29580,113,0.38,29584,117,0.4,29561,29587,1400-5-4,2021-07-26
39,شگويا,پتروشيمي تندگويان,5022,54352555,590669475485,10360,10670,10878,518,5,10867,507,4.89,10601,10878,1400-5-4,2021-07-26
40,حكشتي,كشتيراني جمهوري اسلامي ايران,4966,20218792,370337463670,18580,18900,18020,-560,-3.01,18320,-260,-1.4,17830,19090,1400-5-4,2021-07-26
41,بگيلان,توسعه مسير برق گيلان,4630,915330,19138438304,21073,20510,20726,-347,-1.65,20986,-87,-0.41,20500,21330,1400-5-4,2021-07-26
42,كچاد,معدني‌وصنعتي‌چادرملو,4555,18990057,504795054030,25420,25740,26600,1180,4.64,26580,1160,4.56,25580,26690,1400-5-4,2021-07-26
43,بپيوند,برق و انرژي پيوندگستر پارس,4420,2258768,27269270271,12179,12180,11918,-261,-2.14,12073,-106,-0.87,11911,12410,1400-5-4,2021-07-26
44,مداران,داده‌پردازي‌ايران‌,4041,17967166,439152381230,24720,25950,23500,-1220,-4.94,24440,-280,-1.13,23490,25950,1400-5-4,2021-07-26
45,صبا,سرمايه گذاري صبا تامين,4014,16991740,148467426291,8917,8920,8668,-249,-2.79,8738,-179,-2.01,8664,8950,1400-5-4,2021-07-26
46,امين,تامين سرمايه امين,4007,2902039,21790955180,7540,7540,7450,-90,-1.19,7520,-20,-0.27,7410,7560,1400-5-4,2021-07-26
47,خزاميا,زامياد,3959,50715584,354513853200,6670,6960,6980,310,4.65,6990,320,4.8,6780,7000,1400-5-4,2021-07-26
48,خزر,فنرسازي‌زر,3940,16142994,331332279520,19570,20210,20540,970,4.96,20520,950,4.85,20210,20540,1400-5-4,2021-07-26
49,وپويا,سرمايه گذاري پويا,3887,6017351,27664876859,4580,4643,4532,-48,-1.05,4598,18,0.39,4531,4680,1400-5-4,2021-07-26
50,تيپيكو,سرمايه گذاري دارويي تامين,3834,57183701,1153587776140,19220,20180,20180,960,4.99,20170,950,4.94,19750,20180,1400-5-4,2021-07-26
51,وسپهر,سرمايه گذاري مالي سپهرصادرات,3804,7842414,72846844018,9260,9290,9291,31,0.33,9279,19,0.21,8810,9455,1400-5-4,2021-07-26
52,پيزد,مجتمع صنايع لاستيك يزد,3803,1802911,123763549185,68319,67820,69000,681,1,68647,328,0.48,66776,70521,1400-5-4,2021-07-26
53,سدور,سيمان‌ دورود,3739,35914392,342170585750,9280,9740,9180,-100,-1.08,9530,250,2.69,9120,9740,1400-5-4,2021-07-26
54,وآيند,بانك  آينده,3695,22914994,268106868825,12001,11720,12000,-1,-0.01,11700,-301,-2.51,11521,12000,1400-5-4,2021-07-26
55,وسخوز,شركت س استان خوزستان,3647,193965430,100721899562,535,519,524,-11,-2.06,519,-16,-2.99,513,530,1400-5-4,2021-07-26
56,سصفها,سيمان‌اصفهان‌,3598,2967872,190078903410,64800,67800,62890,-1910,-2.95,64050,-750,-1.16,61810,67800,1400-5-4,2021-07-26
57,ثشاهد,سرمايه‌ گذاري‌ شاهد,3524,15359226,235426261510,14690,14720,15350,660,4.49,15330,640,4.36,14720,15420,1400-5-4,2021-07-26
58,كمند,صندوق س. با درآمد ثابت كمند,3465,123630004,1249959336990,10071,10110,10111,40,0.4,10110,39,0.39,10110,10112,1400-5-4,2021-07-26
59,فاراك,ماشين‌ سازي‌ اراك‌,3429,76387707,156240814997,2078,2100,2002,-76,-3.66,2045,-33,-1.59,1990,2124,1400-5-4,2021-07-26
60,وپترو,سرمايه‌گذاري صنايع پتروشيمي‌,3394,31190952,434442602630,14480,13760,13920,-560,-3.87,13930,-550,-3.8,13760,14300,1400-5-4,2021-07-26
61,ثنوسا,نوسازي‌وساختمان‌تهران‌,3391,19899051,184929483930,9310,9400,9050,-260,-2.79,9290,-20,-0.21,9000,9650,1400-5-4,2021-07-26
62,وگستر,گسترش سرمايه گذاري ايرانيان,3347,11842065,161727153784,13249,13100,13451,202,1.52,13657,408,3.08,13100,13899,1400-5-4,2021-07-26
63,وسكرمان,س.سهام عدالت استان كرمان,3331,173965876,90031062506,541,521,517,-24,-4.44,518,-23,-4.25,514,530,1400-5-4,2021-07-26
64,سفارس,سيمان فارس و خوزستان,3327,19741530,427548363180,22560,22150,21450,-1110,-4.92,21660,-900,-3.99,21440,22440,1400-5-4,2021-07-26
65,فولاد,فولاد مباركه اصفهان,3324,38512453,415617143050,10490,10840,10710,220,2.1,10790,300,2.86,10660,10840,1400-5-4,2021-07-26
66,تاپيكو,س. نفت و گاز و پتروشيمي تأمين,3322,27833373,395850870700,14340,14570,14100,-240,-1.67,14220,-120,-0.84,14050,14570,1400-5-4,2021-07-26
67,وغدير,سرمايه‌گذاري‌غدير(هلدينگ‌,3297,23221571,303223868090,12930,13000,13040,110,0.85,13060,130,1.01,12950,13220,1400-5-4,2021-07-26
68,حآسا,آسيا سير ارس,3244,4670711,129076158825,27481,28031,26890,-591,-2.15,27635,154,0.56,26800,28515,1400-5-4,2021-07-26
69,فارس,صنايع پتروشيمي خليج فارس,3238,37027586,393034580320,10610,10720,10600,-10,-0.09,10610,0,0,10490,10750,1400-5-4,2021-07-26
70,خمحركه,نيرو محركه‌,3178,41296727,166748358874,4207,4150,3997,-210,-4.99,4038,-169,-4.02,3997,4250,1400-5-4,2021-07-26
71,كگل,معدني و صنعتي گل گهر,3157,37283534,733608952950,18800,19480,19740,940,5,19680,880,4.68,19180,19740,1400-5-4,2021-07-26
72,ثاخت,بين‌المللي‌توسعه‌ساختمان,3006,87504171,208969382463,2285,2280,2399,114,4.99,2388,103,4.51,2240,2399,1400-5-4,2021-07-26
73,زكوثر,سرمايه گذاري كشاورزي كوثر,2991,7020099,129581499090,17860,18090,18740,880,4.93,18460,600,3.36,17980,18750,1400-5-4,2021-07-26
74,فسرب,ملي‌ سرب‌وروي‌ ايران‌,2990,5818801,431340906650,70690,70100,74220,3530,4.99,74130,3440,4.87,70100,74220,1400-5-4,2021-07-26
75,خودكفا,اقتصادي و خودكفايي آزادگان,2945,14809424,241107834222,16058,15900,16539,481,3,16281,223,1.39,15740,16539,1400-5-4,2021-07-26
76,كاوه,فولاد كاوه جنوب كيش,2920,20014783,375475151990,19370,19360,18630,-740,-3.82,18760,-610,-3.15,18540,19360,1400-5-4,2021-07-26
77,وآذر,سرمايه‌گذاري‌توسعه‌آذربايجان‌,2884,3192101,207570735520,65750,68970,62670,-3080,-4.68,65030,-720,-1.1,62470,68970,1400-5-4,2021-07-26
78,فاسمين,كالسيمين‌,2871,21314880,348443754960,15590,16330,16290,700,4.49,16350,760,4.87,15890,16360,1400-5-4,2021-07-26
79,افق,فروشگاههاي زنجيره اي افق كوروش,2838,2866762,177300932550,64690,62000,62000,-2690,-4.16,61850,-2840,-4.39,61460,64390,1400-5-4,2021-07-26
80,ثفارس,عمران‌وتوسعه‌فارس‌,2815,19113123,141576347650,7170,7290,7440,270,3.77,7410,240,3.35,7130,7520,1400-5-4,2021-07-26
81,ختور,رادياتور ايران‌,2786,10288340,196172452930,18300,18050,18850,550,3.01,19070,770,4.21,18050,19210,1400-5-4,2021-07-26
82,زاگرس,پتروشيمي زاگرس,2781,1676304,355279041354,203563,208000,213741,10178,5,211942,8379,4.12,205620,213741,1400-5-4,2021-07-26
83,فاهواز,نورد و لوله اهواز,2637,28184568,210113041584,9078,7500,7426,-1652,-18.2,7455,-1623,-17.88,7425,7500,1400-5-4,2021-07-26
84,بترانس,ايران‌ ترانسفو,2536,47433293,116317382174,2485,2470,2450,-35,-1.41,2452,-33,-1.33,2421,2519,1400-5-4,2021-07-26
85,غسالم,سالمين‌,2529,43988718,157568206376,3419,3587,3589,170,4.97,3582,163,4.77,3471,3589,1400-5-4,2021-07-26
86,قنيشا,قند  نيشابور,2524,2692179,162784594120,62750,64000,59730,-3020,-4.81,60470,-2280,-3.63,59620,64000,1400-5-4,2021-07-26
87,ولغدر,ليزينگ‌خودروغدير,2505,5704923,115817869880,20390,20700,20500,110,0.54,20300,-90,-0.44,19850,20800,1400-5-4,2021-07-26
88,ثاصفا,شركت‌ ساختمان‌ اصفهان‌,2476,10234392,263028315911,26463,25670,25670,-793,-3,25700,-763,-2.88,25670,26235,1400-5-4,2021-07-26
89,شپديس,پتروشيمي پرديس,2453,3527377,481057139530,130450,133130,136970,6520,5,136380,5930,4.55,133110,136970,1400-5-4,2021-07-26
90,زمگسا,كشاورزي‌ ودامپروي‌ مگسال‌,2439,3691250,96843247140,27430,27000,26320,-1110,-4.05,26240,-1190,-4.34,26060,27420,1400-5-4,2021-07-26
91,اعتماد,صندوق س.اعتماد آفرين پارسيان-د,2421,55368240,2089150225930,37604,37731,37734,130,0.35,37732,128,0.34,37731,37736,1400-5-4,2021-07-26
92,شيران,س. صنايع‌شيميايي‌ايران,2415,7750862,185520582730,24520,24200,24120,-400,-1.63,23940,-580,-2.37,23510,24600,1400-5-4,2021-07-26
93,ماديرا,صنايع ماديران,2391,12819536,95546132252,7424,7660,7340,-84,-1.13,7453,29,0.39,7295,7660,1400-5-4,2021-07-26
94,كلوند,كاشي‌ الوند,2377,10244209,242508382680,22640,23170,23600,960,4.24,23670,1030,4.55,23170,23770,1400-5-4,2021-07-26
95,پاسا,ايران‌ياساتايرورابر,2370,10990147,230300689500,20170,20200,21160,990,4.91,20960,790,3.92,19500,21170,1400-5-4,2021-07-26
96,خساپا,سايپا,2343,72923004,131908308546,1811,1822,1794,-17,-0.94,1809,-2,-0.11,1790,1838,1400-5-4,2021-07-26
97,تملت,تامين سرمايه بانك ملت,2310,12990169,64013724498,4747,4800,4875,128,2.7,4928,181,3.81,4780,4984,1400-5-4,2021-07-26
98,غشهداب,كشت و صنعت شهداب ناب خراسان,2297,25682045,94826463473,3647,3590,3630,-17,-0.47,3692,45,1.23,3581,3809,1400-5-4,2021-07-26
99,ذوب,سهامي ذوب آهن  اصفهان,2291,67269550,255018864050,3611,3791,3791,180,4.98,3791,180,4.98,3791,3791,1400-5-4,2021-07-26
100,ساوه,سيمان ساوه,2280,1646612,90889174273,57328,57000,54720,-2608,-4.55,55198,-2130,-3.72,54462,58500,1400-5-4,2021-07-26
101,شاروم,پتروشيمي اروميه,2260,1793313,27636622415,14766,15140,15504,738,5,15411,645,4.37,15000,15504,1400-5-4,2021-07-26
102,تليسه,دامداري تليسه نمونه,2166,34420920,117023474961,3264,3419,3427,163,4.99,3400,136,4.17,3320,3427,1400-5-4,2021-07-26
103,سكرد,سيمان كردستان,2160,17920226,118726309650,6750,7080,6450,-300,-4.44,6630,-120,-1.78,6420,7080,1400-5-4,2021-07-26
104,وآرين,شركت توسعه اقتصادي آرين,2158,28075375,89701903570,3283,3185,3185,-98,-2.99,3195,-88,-2.68,3185,3249,1400-5-4,2021-07-26
105,افران,صندوق س افرا نماد پايدار-ثابت,2145,82501063,1143213937960,13803,13855,13859,56,0.41,13857,54,0.39,13855,13860,1400-5-4,2021-07-26
106,سبهان,سيمان‌ بهبهان‌,2134,1862183,136985622140,75510,79100,71740,-3770,-4.99,73560,-1950,-2.58,71740,79100,1400-5-4,2021-07-26
107,كلر,كلر پارس,2077,1175116,128876957076,112340,112580,107968,-4372,-3.89,109672,-2668,-2.37,106723,112790,1400-5-4,2021-07-26
108,خرينگ,رينگ‌سازي‌مشهد,2066,3027610,103948522280,35140,34020,34900,-240,-0.68,34330,-810,-2.31,33390,36300,1400-5-4,2021-07-26
109,ختوقا,قطعات‌ اتومبيل‌ ايران‌,2060,33508849,77486352705,2401,2400,2285,-116,-4.83,2312,-89,-3.71,2281,2400,1400-5-4,2021-07-26
110,تاپكيش,تجارت الكترونيك پارسيان كيش,2059,10025201,151625022031,14487,14600,15101,614,4.24,15124,637,4.4,14510,15211,1400-5-4,2021-07-26
111,شغدير,پتروشيمي غدير,2055,5664712,404793179510,68070,71460,71470,3400,4.99,71460,3390,4.98,70650,71470,1400-5-4,2021-07-26
112,شفن,پتروشيمي فناوران,2052,477605,149866508850,301270,316300,314200,12930,4.29,313790,12520,4.16,305700,316300,1400-5-4,2021-07-26
113,وبانك,سرمايه گذاري گروه توسعه ملي,2047,37321903,300804593420,7680,8060,8060,380,4.95,8060,380,4.95,7970,8060,1400-5-4,2021-07-26
114,حريل,ريل پردازسير,2039,18787111,73027432650,3926,3820,3840,-86,-2.19,3887,-39,-0.99,3817,3990,1400-5-4,2021-07-26
115,ثعمرا,عمران و توسعه شاهد,2019,9147557,97671445202,10262,10379,10652,390,3.8,10677,415,4.04,10210,10775,1400-5-4,2021-07-26
116,غصينو,صنعتي مينو,2008,2649971,132849916544,52348,50000,50227,-2121,-4.05,50133,-2215,-4.23,49731,52690,1400-5-4,2021-07-26
117,دجابر,داروسازي‌ جابرابن‌حيان‌,1993,7485050,104104068250,13500,14150,13840,340,2.52,13910,410,3.04,13630,14170,1400-5-4,2021-07-26
118,وسلرستا,شركت س استان لرستان,1988,112039771,58590638316,543,527,520,-23,-4.24,523,-20,-3.68,516,545,1400-5-4,2021-07-26
119,غپاك,لبنيات‌ پاك‌,1985,5168136,93655423690,18680,18800,18000,-680,-3.64,18120,-560,-3,17940,18880,1400-5-4,2021-07-26
120,نوين,بيمه نوين,1955,22065092,116060801565,5141,5144,5209,68,1.32,5260,119,2.31,5101,5398,1400-5-4,2021-07-26
121,بجهرم,توسعه مولد نيروگاهي جهرم,1944,24761486,64505353654,2574,2583,2562,-12,-0.47,2605,31,1.2,2539,2667,1400-5-4,2021-07-26
122,غپينو,پارس‌ مينو,1916,13993916,83231142690,5880,5870,5930,50,0.85,5950,70,1.19,5850,6040,1400-5-4,2021-07-26
123,دلقما,دارويي‌ لقمان‌,1893,3796794,162109945770,40910,41800,42950,2040,4.99,42700,1790,4.38,41200,42950,1400-5-4,2021-07-26
124,سفار,سيمان‌فارس‌,1873,774644,84606442920,106040,107000,106830,790,0.75,109220,3180,3,106060,111300,1400-5-4,2021-07-26
125,خمهر,مهركام‌پارس‌,1858,64030263,141542368358,2317,2280,2202,-115,-4.96,2211,-106,-4.57,2202,2299,1400-5-4,2021-07-26
126,غاذر,كشت‌وصنعت‌پياذر,1819,2452623,79823990110,31310,32810,32870,1560,4.98,32550,1240,3.96,31800,32870,1400-5-4,2021-07-26
127,ثرود,سرمايه‌گذاري مسكن زاينده رود,1817,3922445,66573194096,17144,16999,16480,-664,-3.87,16972,-172,-1,16330,17570,1400-5-4,2021-07-26
128,اتكاي,بيمه اتكايي ايرانيان,1815,12125247,122150872144,9705,10169,10190,485,5,10074,369,3.8,9801,10190,1400-5-4,2021-07-26
129,ودي,بيمه  دي,1798,16792092,146151938484,8338,8500,8754,416,4.99,8704,366,4.39,8400,8754,1400-5-4,2021-07-26
130,ثغرب,شركت سرمايه گذاري مسكن شمالغرب,1789,9584711,60966122711,6227,6284,6320,93,1.49,6361,134,2.15,6054,6480,1400-5-4,2021-07-26
131,حپارسا,توسعه حمل و نقل ريلي پارسيان,1778,3586161,122487781080,35794,35010,34005,-1789,-5,34156,-1638,-4.58,34005,35599,1400-5-4,2021-07-26
132,آسيا,بيمه آسيا,1762,43495142,78690788201,1784,1810,1837,53,2.97,1809,25,1.4,1760,1845,1400-5-4,2021-07-26
133,سپاها,سيمان‌سپاهان‌,1758,12160113,107541386740,8910,9190,8660,-250,-2.81,8840,-70,-0.79,8630,9300,1400-5-4,2021-07-26
134,كدما,معدني‌ دماوند,1729,972890,177581419800,173840,182530,182530,8690,5,182530,8690,5,182430,182530,1400-5-4,2021-07-26
135,ونيرو,سرمايه‌گذاري‌نيرو,1699,32474221,87311692154,2801,2750,2691,-110,-3.93,2689,-112,-4,2661,2760,1400-5-4,2021-07-26
136,آ س پ,آ.س.پ,1688,6774526,63633461155,9762,9850,9282,-480,-4.92,9393,-369,-3.78,9274,9950,1400-5-4,2021-07-26
137,چافست,افست‌,1679,5509075,78111702760,13710,13940,14200,490,3.57,14180,470,3.43,13500,14390,1400-5-4,2021-07-26
138,سخاش,سيمان‌خاش‌,1679,953325,110342324940,119140,125080,113190,-5950,-4.99,115740,-3400,-2.85,113190,125090,1400-5-4,2021-07-26
139,وساپا,سرمايه‌گذاري‌ سايپا,1675,15905318,81390960240,5260,5240,5110,-150,-2.85,5120,-140,-2.66,5050,5240,1400-5-4,2021-07-26
140,ولانا,شركت ليزينگ آريا دانا,1673,4672451,118249646406,24700,24010,25441,741,3,25308,608,2.46,24010,25441,1400-5-4,2021-07-26
141,ولصنم,ليزينگ‌صنعت‌ومعدن‌,1665,7762835,61527737250,8060,8120,7740,-320,-3.97,7930,-130,-1.61,7680,8190,1400-5-4,2021-07-26
142,مرقام,ايران‌ارقام‌,1663,6829334,112400234900,16290,16600,16270,-20,-0.12,16460,170,1.04,16150,16840,1400-5-4,2021-07-26
143,وتوصا,گروه س توسعه صنعتي ايران,1640,7273163,66342080560,9290,9410,9130,-160,-1.72,9120,-170,-1.83,9020,9490,1400-5-4,2021-07-26
144,بكهنوج,توليد برق ماهتاب كهنوج,1628,29901477,50319775341,1707,1660,1659,-48,-2.81,1683,-24,-1.41,1640,1750,1400-5-4,2021-07-26
145,فلامي,لاميران‌,1609,2167044,59307174580,26570,25780,27580,1010,3.8,27370,800,3.01,25780,27890,1400-5-4,2021-07-26
146,كسرام,پارس‌ سرام‌,1599,12610948,92698442160,7690,7510,7310,-380,-4.94,7350,-340,-4.42,7310,7600,1400-5-4,2021-07-26
147,غگل,گلوكوزان‌,1594,25627986,94157739322,3502,3670,3677,175,5,3674,172,4.91,3597,3677,1400-5-4,2021-07-26
148,وملي,گروه‌ صنعتي‌ ملي‌ (هلدينگ‌,1585,595163,87830011690,152610,152980,146500,-6110,-4,147570,-5040,-3.3,145510,153520,1400-5-4,2021-07-26
149,دسانكو,داروسازي سبحان انكولوژي,1579,7387340,91371545488,12502,12270,12502,0,0,12369,-133,-1.06,11877,12700,1400-5-4,2021-07-26
150,رانفور,خدمات‌انفورماتيك‌,1574,12949949,81452170350,6570,6420,6250,-320,-4.87,6290,-280,-4.26,6250,6540,1400-5-4,2021-07-26
151,قاسم,قاسم ايران,1573,7403731,71938161994,9932,9900,9540,-392,-3.95,9716,-216,-2.17,9436,10227,1400-5-4,2021-07-26
152,آگاس,صندوق س.هستي بخش آگاه-س,1553,1613526,119423697166,73259,73599,74330,1071,1.46,74014,755,1.03,73262,74443,1400-5-4,2021-07-26
153,غويتا,ويتانا,1543,5913659,59951987389,9963,10300,9860,-103,-1.03,10138,175,1.76,9860,10409,1400-5-4,2021-07-26
154,شپاكسا,پاكسان‌,1542,7068629,146939106250,21830,20740,20740,-1090,-4.99,20790,-1040,-4.76,20740,21150,1400-5-4,2021-07-26
155,فسپا,گروه‌صنعتي‌سپاهان‌,1538,4113521,165585084070,41050,39000,40410,-640,-1.56,40250,-800,-1.95,39000,41340,1400-5-4,2021-07-26
156,سيلام,سيمان‌ ايلام‌,1536,7928025,70889429910,9330,9150,8870,-460,-4.93,8940,-390,-4.18,8870,9570,1400-5-4,2021-07-26
157,گكوثر,هتل پارسيان كوثر اصفهان,1526,29266911,68951547847,2321,2274,2402,81,3.49,2356,35,1.51,2274,2435,1400-5-4,2021-07-26
158,تسه0003,امتيازتسهيلات مسكن خرداد1400,1526,29160,17813452750,608485,605008,580111,-28374,-4.66,610887,2402,0.39,580111,630000,1400-5-4,2021-07-26
159,پارسان,گسترش نفت و گاز پارسيان,1517,8857769,229841905290,25610,25870,25670,60,0.23,25950,340,1.33,25510,26300,1400-5-4,2021-07-26
160,ولساپا,ليزينگ رايان‌ سايپا,1511,23320754,65367675499,2767,2790,2810,43,1.55,2803,36,1.3,2741,2877,1400-5-4,2021-07-26
161,وايران,ليزينگ ايرانيان,1505,9070621,67804483830,7800,7680,7410,-390,-5,7480,-320,-4.1,7410,7770,1400-5-4,2021-07-26
162,وپست,پست بانك ايران,1503,5689396,125123296520,23040,22400,21890,-1150,-4.99,21990,-1050,-4.56,21890,23000,1400-5-4,2021-07-26
163,تنوين,تامين سرمايه نوين,1498,59976338,413968530120,6900,6900,6900,0,0,6900,0,0,6690,7000,1400-5-4,2021-07-26
164,فروي,ذوب روي اصفهان,1496,2395905,79666864850,34807,33770,33067,-1740,-5,33251,-1556,-4.47,33067,34000,1400-5-4,2021-07-26
165,بكام,كارخانجات توليدي شهيد قندي,1481,21927312,61367918883,2783,2750,2791,8,0.29,2799,16,0.57,2740,2850,1400-5-4,2021-07-26
166,زبينا,كشاورزي و دامپروري بينالود,1473,31438669,90666847337,2757,2723,2894,137,4.97,2884,127,4.61,2723,2894,1400-5-4,2021-07-26
167,طلا,صندوق س.پشتوانه طلاي لوتوس,1468,2527878,194899257385,74901,75600,78199,3298,4.4,77100,2199,2.94,75300,82391,1400-5-4,2021-07-26
168,دماوند,توليد نيروي برق دماوند,1451,3878391,107174227639,27455,27490,27568,113,0.41,27634,179,0.65,27300,28400,1400-5-4,2021-07-26
169,غچين,كشت‌ و صنعت‌ چين‌ چين,1450,6642064,124552606360,17920,18530,18810,890,4.97,18750,830,4.63,18170,18810,1400-5-4,2021-07-26
170,شسينا,صنايع‌شيميايي‌سينا,1447,676604,48840749350,71820,75200,70710,-1110,-1.55,72190,370,0.52,70030,75200,1400-5-4,2021-07-26
171,وسرضوي,س.سهام عدالت استان خراسان رضوي,1445,90617475,77477941125,899,855,855,-44,-4.89,869,-30,-3.34,855,855,1400-5-4,2021-07-26
172,شپارس,بين‌ المللي‌ محصولات‌  پارس‌,1444,6916024,119319127230,16800,17540,17080,280,1.67,17250,450,2.68,16890,17640,1400-5-4,2021-07-26
173,وآوا,سرمايه گذاري آوا نوين,1426,10304443,56697722181,5694,5490,5430,-264,-4.64,5502,-192,-3.37,5410,5670,1400-5-4,2021-07-26
174,سپيدما,صندوق س. سپيد دماوند-د,1424,69414313,745564620468,10704,10745,10740,36,0.34,10741,37,0.35,10739,10745,1400-5-4,2021-07-26
175,فروس,فروسيليس‌ ايران‌,1401,16931768,91343380010,5580,5570,5360,-220,-3.94,5390,-190,-3.41,5310,5690,1400-5-4,2021-07-26
176,ساربيل,سيمان آرتا اردبيل,1389,1356342,57181076050,43860,43860,41670,-2190,-4.99,42160,-1700,-3.88,41670,43860,1400-5-4,2021-07-26
177,وصنعت,سرمايه گذاري توسعه صنعت وتجارت,1384,8135645,44695623410,5570,5540,5510,-60,-1.08,5490,-80,-1.44,5410,5640,1400-5-4,2021-07-26
178,سصوفي,سيمان‌ صوفيان‌,1376,5832837,102445328590,18330,18480,17420,-910,-4.96,17560,-770,-4.2,17420,18480,1400-5-4,2021-07-26
179,شبهرن,نفت‌ بهران‌,1354,10408571,141858475040,12990,13630,13630,640,4.93,13630,640,4.93,13510,13630,1400-5-4,2021-07-26
180,ديران,ايران‌دارو,1353,3954975,68882421600,18170,17600,17270,-900,-4.95,17420,-750,-4.13,17270,18400,1400-5-4,2021-07-26
181,تاصيكو,سرمايه گذاري صدرتامين,1352,9491854,101315534370,10510,10480,10700,190,1.81,10650,140,1.33,10480,10810,1400-5-4,2021-07-26
182,ساروم,سيمان‌اروميه‌,1347,3717726,139468670780,37780,39280,37100,-680,-1.8,37510,-270,-0.71,36670,39490,1400-5-4,2021-07-26
183,سرو,صندوق س سروسودمند مدبران-سهام,1324,1548248,108745838950,69490,69600,70510,1020,1.47,70240,750,1.08,69600,70640,1400-5-4,2021-07-26
184,وسهرمز,شركت س استان هرمزگان,1323,72903334,38119302228,536,522,520,-16,-2.99,523,-13,-2.43,517,536,1400-5-4,2021-07-26
185,كاذر,فرآورده‌هاي‌نسوزآذر,1302,7052699,107627212920,14730,14990,15180,450,3.05,15260,530,3.6,14780,15460,1400-5-4,2021-07-26
186,داوه,داروسازي آوه سينا,1295,3210537,57233712242,18006,18490,17450,-556,-3.09,17827,-179,-0.99,17350,18490,1400-5-4,2021-07-26
187,كهمدا,شيشه‌ همدان‌,1269,4694165,44942222950,9460,9760,9420,-40,-0.42,9570,110,1.16,9360,9780,1400-5-4,2021-07-26
188,سغرب,سيمان‌غرب‌,1267,2796577,72277972610,25790,25010,25110,-680,-2.64,25850,60,0.23,25000,26550,1400-5-4,2021-07-26
189,هرمز,فولاد هرمزگان جنوب,1263,7089222,108268947517,15274,15495,15190,-84,-0.55,15272,-2,-0.01,15120,15495,1400-5-4,2021-07-26
190,غبهار,كشت وصنعت بهاران گلبهار خراسان,1254,4783207,95158909916,19407,19989,19411,4,0.02,19894,487,2.51,19400,19989,1400-5-4,2021-07-26
191,دتوليد,داروسازي توليد دارو,1252,2978962,43719335246,14736,14510,14470,-266,-1.81,14676,-60,-0.41,14427,15000,1400-5-4,2021-07-26
192,وهور,مديريت انرژي اميد  تابان هور,1250,23660741,40298550459,1695,1711,1688,-7,-0.41,1702,7,0.41,1676,1740,1400-5-4,2021-07-26
193,شتوكا,توكا رنگ فولاد سپاهان,1244,1777249,55779947440,31534,31170,31550,16,0.05,31386,-148,-0.47,30697,32200,1400-5-4,2021-07-26
194,پارند,صندوق س. پارند پايدار سپهر,1239,42360851,475732629074,11187,11230,11231,44,0.39,11230,43,0.38,11230,11232,1400-5-4,2021-07-26
195,كسعدي,كاشي‌ سعدي‌,1232,4471521,54162483570,11740,12000,12010,270,2.3,12110,370,3.15,11800,12250,1400-5-4,2021-07-26
196,فخاس,فولاد خراسان,1221,3473322,78353731750,22390,22380,22390,0,0,22520,130,0.58,22000,23410,1400-5-4,2021-07-26
197,وبيمه,سرمايه‌ گذاري‌ صنعت‌ بيمه‌,1207,23042553,41516662969,1759,1800,1803,44,2.5,1802,43,2.44,1741,1833,1400-5-4,2021-07-26
198,دبالك,مواد اوليه دارويي البرز بالك,1206,3306079,53003314195,16624,16460,15793,-831,-5,16032,-592,-3.56,15793,16850,1400-5-4,2021-07-26
199,غفارس,شير پاستوريزه پگاه فارس,1202,5032161,95049625049,19651,19995,18669,-982,-5,18888,-763,-3.88,18669,19997,1400-5-4,2021-07-26
200,دتوزيع,توزيع دارو پخش,1184,1864097,56154903984,29947,29170,30069,122,0.41,30124,177,0.59,29170,30880,1400-5-4,2021-07-26
201,سشرق,سيمان‌ شرق‌,1179,10209780,79764356590,7850,8100,7710,-140,-1.78,7810,-40,-0.51,7600,8170,1400-5-4,2021-07-26
202,وتوكا,سرمايه‌گذاري‌توكافولاد(هلدينگ,1171,8706217,81076686670,9520,9640,9250,-270,-2.84,9310,-210,-2.21,9210,9640,1400-5-4,2021-07-26
203,ومعادن,توسعه‌معادن‌وفلزات‌,1168,21910385,227318932780,9800,10350,10400,600,6.12,10370,570,5.82,10290,10630,1400-5-4,2021-07-26
204,فرآور,فرآوري‌موادمعدني‌ايران‌,1162,2307237,69360737290,30190,30950,29760,-430,-1.42,30060,-130,-0.43,29210,30950,1400-5-4,2021-07-26
205,خپارس,پارس‌ خودرو,1156,54963136,65859352215,1237,1198,1195,-42,-3.4,1198,-39,-3.15,1191,1219,1400-5-4,2021-07-26
206,شزنگ,تجهيزنيروي‌زنگان‌,1153,646571,90613347968,143337,147600,139037,-4300,-3,140144,-3193,-2.23,139037,147600,1400-5-4,2021-07-26
207,ونفت,سرمايه‌گذاري‌ صنعت‌ نفت‌,1148,4683148,76535573220,16000,16700,16040,40,0.25,16340,340,2.13,16010,16700,1400-5-4,2021-07-26
208,كوثر,بيمه كوثر,1127,5299377,76828987936,14984,15000,14235,-749,-5,14498,-486,-3.24,14235,15000,1400-5-4,2021-07-26
209,دانا,بيمه دانا,1126,7980471,45108080720,5710,5830,5550,-160,-2.8,5650,-60,-1.05,5510,5900,1400-5-4,2021-07-26
210,خموتور,موتورسازان‌تراكتورسازي‌ايران‌,1120,5482999,53977051180,10080,9800,9920,-160,-1.59,9840,-240,-2.38,9580,10220,1400-5-4,2021-07-26
211,خاذين,سايپاآذين‌,1117,13465722,46987090083,3593,3550,3414,-179,-4.98,3489,-104,-2.89,3414,3679,1400-5-4,2021-07-26
212,سقاين,سيمان‌ قائن‌,1117,1139988,72222155350,63780,66960,61210,-2570,-4.03,63350,-430,-0.67,60600,66960,1400-5-4,2021-07-26
213,قشكر,شكرشاهرود,1115,13033400,39399986074,3079,3109,3000,-79,-2.57,3023,-56,-1.82,2983,3120,1400-5-4,2021-07-26
214,وسكاب,س.ص.بازنشستگي كاركنان بانكها,1105,17096815,47342872680,2747,2710,2780,33,1.2,2769,22,0.8,2700,2816,1400-5-4,2021-07-26
215,سيمرغ,سيمرغ,1100,7461794,129017219150,16490,17270,17310,820,4.97,17290,800,4.85,16950,17310,1400-5-4,2021-07-26
216,كساپا,سايپاشيشه‌,1081,1718071,38398877750,23020,22930,22000,-1020,-4.43,22350,-670,-2.91,21870,23400,1400-5-4,2021-07-26
217,دزهراوي,داروسازي‌زهراوي‌,1081,6024335,40464421960,6870,6800,6640,-230,-3.35,6720,-150,-2.18,6600,6990,1400-5-4,2021-07-26
218,ارفع,شركت آهن و فولاد ارفع,1078,7049472,99888833172,14328,14500,14450,122,0.85,14170,-158,-1.1,13800,14500,1400-5-4,2021-07-26
219,فسازان,غلتك سازان سپاهان,1077,2076322,62305762980,30660,30700,29680,-980,-3.2,30010,-650,-2.12,29320,31490,1400-5-4,2021-07-26
220,هاي وب,داده گسترعصرنوين-هاي وب,1074,14059661,127661721880,8650,9080,9080,430,4.97,9080,430,4.97,9080,9080,1400-5-4,2021-07-26
221,دكپسول,توليد ژلاتين كپسول ايران,1072,2587146,88968664708,32767,33999,34404,1637,5,34389,1622,4.95,33999,34405,1400-5-4,2021-07-26
222,تكشا,گسترش‌صنايع‌وخدمات‌كشاورزي‌,1061,2312563,69790205930,28920,28700,30360,1440,4.98,30180,1260,4.36,28700,30360,1400-5-4,2021-07-26
223,ثپرديس,سرمايه گذاري مسكن پرديس,1057,4892165,29080669423,6031,6135,5850,-181,-3,5944,-87,-1.44,5801,6135,1400-5-4,2021-07-26
224,غشان,شيرپاستوريزه‌پگاه‌خراسان‌,1056,9086417,56250271020,6450,6500,6130,-320,-4.96,6190,-260,-4.03,6130,6700,1400-5-4,2021-07-26
225,شجم,صنايع پتروشيمي تخت جمشيد,1053,16411225,187469588841,11759,11700,11500,-259,-2.2,11423,-336,-2.86,11407,11987,1400-5-4,2021-07-26
226,ريشمك,توليد و صادرات ريشمك,1050,1414575,68936081262,47882,48500,47828,-54,-0.11,48733,851,1.78,47627,49999,1400-5-4,2021-07-26
227,ديرانح,ح . ‌ايران‌دارو,1041,3479925,37842072680,11420,11500,10680,-740,-6.48,10870,-550,-4.82,10460,11660,1400-5-4,2021-07-26
228,ورنا,سرمايه‌گذاري‌ رنا(هلدينگ‌,1034,8714578,41358059121,4862,4760,4700,-162,-3.33,4746,-116,-2.39,4652,4890,1400-5-4,2021-07-26
229,سمازن,سيمان‌مازندران‌,1024,5326362,75267090200,14230,14340,13930,-300,-2.11,14130,-100,-0.7,13800,14510,1400-5-4,2021-07-26
230,قشرين,قند شيرين خراسان,1022,15047417,241460035142,15595,16000,16062,467,2.99,16047,452,2.9,15530,16062,1400-5-4,2021-07-26
231,بموتو,موتوژن‌,1020,2233417,147232893080,62940,66080,66000,3060,4.86,65920,2980,4.73,64510,66080,1400-5-4,2021-07-26
232,كگهر,سنگ آهن گهرزمين,1012,2315444,98668073856,41718,41311,43182,1464,3.51,42438,720,1.73,41300,43288,1400-5-4,2021-07-26
233,ومهان,گروه توسعه مالي مهر آيندگان,1009,4313412,59592686697,13602,13640,13899,297,2.18,13816,214,1.57,13640,13940,1400-5-4,2021-07-26
234,ومعلم,بيمه معلم,994,8926669,38206797073,4254,4131,4223,-31,-0.73,4280,26,0.61,4131,4400,1400-5-4,2021-07-26
235,شوينده,مديريت صنعت شوينده ت.ص.بهشهر,989,2420962,56143191740,24000,24540,22800,-1200,-5,23190,-810,-3.38,22800,24540,1400-5-4,2021-07-26
236,غبهنوش,بهنوش‌ ايران‌,989,655693,42785981330,63610,64900,66190,2580,4.06,65250,1640,2.58,63480,66660,1400-5-4,2021-07-26
237,ساراب,سيمان‌ داراب‌,984,3132919,62133062690,20670,19900,19720,-950,-4.6,19830,-840,-4.06,19680,20370,1400-5-4,2021-07-26
238,خوساز,محورسازان‌ايران‌خودرو,980,10434227,71190721550,7120,6920,6780,-340,-4.78,6820,-300,-4.21,6770,7210,1400-5-4,2021-07-26
239,فبيرا,بسته‌ بندي‌ ايران‌,966,12934258,32538970640,2587,2537,2510,-77,-2.98,2516,-71,-2.74,2510,2580,1400-5-4,2021-07-26
240,دشيمي,شيمي‌ داروئي‌ داروپخش‌,964,2658998,69137343910,24930,25400,26170,1240,4.97,26000,1070,4.29,24140,26170,1400-5-4,2021-07-26
241,حفاري,حفاري شمال,964,14273080,93079963800,6860,6520,6520,-340,-4.96,6520,-340,-4.96,6520,6610,1400-5-4,2021-07-26
242,كيان2,صندوق س. با درآمد ثابت كيان,960,96000000,96000000,29467,1,1,-29466,-100,1,-29466,-100,1,1,1400-5-4,2021-07-26
243,بهپاك,صنعتي بهپاك,956,8459093,67962492724,8005,8390,7771,-234,-2.92,8034,29,0.36,7760,8390,1400-5-4,2021-07-26
244,سكه0012پ01,تمام سكه طرح جديد0012رفاه,947,282700,302601630500,1037981,1053000,1079001,41020,3.95,1070398,32417,3.12,1052997,1084000,1400-5-4,2021-07-26
245,زدشت,كشت و صنعت دشت خرم دره,947,1527863,31314143448,20228,20600,20720,492,2.43,20495,267,1.32,19760,21050,1400-5-4,2021-07-26
246,شيراز,پتروشيمي‌شيراز,933,3001680,181698236600,60180,59000,60780,600,1,60530,350,0.58,59000,62000,1400-5-4,2021-07-26
247,تسه0002,امتيازتسهيلاتمسكن ارديبهشت1400,918,30830,18771953380,606436,599000,608006,1570,0.26,608886,2450,0.4,591111,610000,1400-5-4,2021-07-26
248,غمينو,شركت صنايع غذايي مينو شرق,915,2967730,25385955975,8519,8570,8480,-39,-0.46,8554,35,0.41,8390,8749,1400-5-4,2021-07-26
249,كرماشا,صنايع پتروشيمي كرمانشاه,911,2567271,105325617930,40730,41850,41140,410,1.01,41030,300,0.74,39800,41990,1400-5-4,2021-07-26
250,فنورد,نوردوقطعات‌ فولادي‌,909,336894,64566437710,199950,206000,190500,-9450,-4.73,191650,-8300,-4.15,189960,206000,1400-5-4,2021-07-26
251,تسه0001,امتيازتسهيلات مسكن فروردين1400,907,33083,20139889881,608751,604000,610000,1249,0.21,608769,18,0,587086,610000,1400-5-4,2021-07-26
252,خاهن,آهنگري‌ تراكتورسازي‌ ايران‌,901,4932047,42288657380,8560,8630,8490,-70,-0.82,8570,10,0.12,8400,8910,1400-5-4,2021-07-26
253,حتايد,تايدواترخاورميانه,901,2875758,70472604800,24600,24260,24100,-500,-2.03,24510,-90,-0.37,24100,25120,1400-5-4,2021-07-26
254,درهآور,دارويي ره آورد تامين,900,997263,31435864411,31511,32890,30820,-691,-2.19,31522,11,0.03,30805,32890,1400-5-4,2021-07-26
255,سهگمت,سيمان‌هگمتان‌,899,2955179,77252126440,26160,26840,26590,430,1.64,26140,-20,-0.08,25440,26950,1400-5-4,2021-07-26
256,بزاگرس,نيروگاه زاگرس كوثر,891,5960950,28746171168,4930,5050,4790,-140,-2.84,4822,-108,-2.19,4730,5050,1400-5-4,2021-07-26
257,والبر,سرمايه‌ گذاري‌ البرز(هلدينگ‌,888,5386973,51140315080,9520,9650,9520,0,0,9490,-30,-0.32,9360,9650,1400-5-4,2021-07-26
258,ددام,داروسازي زاگرس فارمد پارس,885,2873545,37263431090,12920,13040,12800,-120,-0.93,12970,50,0.39,12620,13170,1400-5-4,2021-07-26
259,غشهد,شهد ايران ‌,885,9560330,49787950683,4976,5190,5224,248,4.98,5208,232,4.66,5011,5224,1400-5-4,2021-07-26
260,شكربن,كربن‌ ايران‌,877,685199,67113218910,100860,101000,97000,-3860,-3.83,97950,-2910,-2.89,96000,101000,1400-5-4,2021-07-26
261,ولشرق,ليزينگ ايران و شرق,842,6810426,43897053061,6289,6520,6382,93,1.48,6446,157,2.5,6369,6550,1400-5-4,2021-07-26
262,فوكا,فولاد كاويان,841,5611781,79902711663,14638,14250,14199,-439,-3,14238,-400,-2.73,14199,14700,1400-5-4,2021-07-26
263,دامين,داروسازي‌ امين‌,835,8688615,33733881804,3866,3900,3804,-62,-1.6,3883,17,0.44,3803,3979,1400-5-4,2021-07-26
264,ميهن,بيمه ميهن,825,7110885,28365666154,3941,3940,3971,30,0.76,3989,48,1.22,3880,4080,1400-5-4,2021-07-26
265,پلاسك,پلاسكوكار,821,5347285,37887909910,6930,7020,6960,30,0.43,7090,160,2.31,6740,7220,1400-5-4,2021-07-26
266,غپآذر,شير پگاه آذربايجان شرقي,815,633218,26767923204,43532,43500,41704,-1828,-4.2,42273,-1259,-2.89,41622,43550,1400-5-4,2021-07-26
267,زشريف,كشت وصنعت شريف آباد,798,6280031,29732857202,4658,4700,4760,102,2.19,4735,77,1.65,4661,4819,1400-5-4,2021-07-26
268,وبوعلي,سرمايه‌گذاري‌بوعلي‌,797,5947655,24435487933,4204,4130,4100,-104,-2.47,4108,-96,-2.28,3998,4289,1400-5-4,2021-07-26
269,رتاپ,تجارت الكترونيك  پارسيان,795,4435221,27561752670,6150,6230,6150,0,0,6210,60,0.98,6010,6350,1400-5-4,2021-07-26
270,پكوير,كوير تاير,795,4356262,60939578880,14100,14100,13870,-230,-1.63,13990,-110,-0.78,13770,14300,1400-5-4,2021-07-26
271,چكاوه,صنايع‌كاغذسازي‌كاوه‌,787,4040064,52948354690,12700,12990,13330,630,4.96,13110,410,3.23,12320,13330,1400-5-4,2021-07-26
272,وسگلستا,شركت س استان گلستان,772,48325719,37597409382,818,778,778,-40,-4.89,778,-40,-4.89,778,778,1400-5-4,2021-07-26
273,سخزر,سيمان‌ خزر,765,2030254,48433982520,24810,23950,23570,-1240,-5,23860,-950,-3.83,23570,24800,1400-5-4,2021-07-26
274,ونيكي,سرمايه‌گذاري‌ ملي‌ايران‌,760,4545781,43176273170,9520,9770,9540,20,0.21,9510,-10,-0.11,9400,9770,1400-5-4,2021-07-26
275,غگلپا,شير پاستوريزه پگاه گلپايگان,758,1865674,129014045324,65863,69156,69156,3293,5,69151,3288,4.99,68205,69156,1400-5-4,2021-07-26
276,بنيرو,نيروترانس‌,749,12416356,30018494266,2426,2433,2356,-70,-2.89,2418,-8,-0.33,2356,2520,1400-5-4,2021-07-26
277,وپارس,بانك‌پارسيان‌,748,17707614,48550823873,2834,2811,2728,-106,-3.74,2795,-39,-1.38,2700,2811,1400-5-4,2021-07-26
278,شفارس,صنايع‌ شيميايي‌ فارس‌,746,17977590,37515965958,2091,2135,2029,-62,-2.97,2087,-4,-0.19,2029,2140,1400-5-4,2021-07-26
279,زفكا,كشت و دامداري فكا,743,2135887,23786758444,11225,11233,11089,-136,-1.21,11137,-88,-0.78,10920,11498,1400-5-4,2021-07-26
280,غشاذر,پگاه‌آذربايجان‌غربي‌,742,3971291,30074250630,7370,7340,7500,130,1.76,7570,200,2.71,7250,7700,1400-5-4,2021-07-26
281,دپارس,پارس‌ دارو,740,1561953,55952934200,37420,35910,35550,-1870,-5,35820,-1600,-4.28,35550,38000,1400-5-4,2021-07-26
282,وسپه,سرمايه‌گذاري‌ سپه‌,735,8138319,63176442960,7580,7670,7720,140,1.85,7760,180,2.37,7530,7940,1400-5-4,2021-07-26
283,وخارزمح,ح.سرمايه گذاري خوارزمي,731,28877268,135723736800,4710,5181,4700,-10,-0.21,4700,-10,-0.21,4700,5181,1400-5-4,2021-07-26
284,خشرق,الكتريك‌ خودرو شرق‌,727,2482723,29763492160,12240,12100,11850,-390,-3.19,11990,-250,-2.04,11750,12230,1400-5-4,2021-07-26
285,شنفت,نفت‌ پارس‌,721,1260989,77612572100,59820,61260,62000,2180,3.64,61550,1730,2.89,60050,62580,1400-5-4,2021-07-26
286,واميد,گروه مديريت سرمايه گذاري اميد,719,16467500,180590723370,10460,10120,10980,520,4.97,10970,510,4.88,10120,10980,1400-5-4,2021-07-26
287,شفارا,پتروشيمي فارابي,718,12034592,57029800170,4876,4846,4732,-144,-2.95,4739,-137,-2.81,4730,4900,1400-5-4,2021-07-26
288,توريل,توكاريل,715,2370517,34491328916,14903,14927,14400,-503,-3.38,14550,-353,-2.37,14303,14990,1400-5-4,2021-07-26
289,غنوش,نوش‌ مازندران‌,699,1131550,43759086860,37420,38210,38800,1380,3.69,38670,1250,3.34,37750,39250,1400-5-4,2021-07-26
290,جوين,كشت و صنعت جوين,694,8304154,33040932132,3877,3930,3970,93,2.4,3979,102,2.63,3823,3993,1400-5-4,2021-07-26
291,لخزر,پارس‌ خزر,682,350666,44785211710,122740,126730,128870,6130,4.99,127710,4970,4.05,123000,128870,1400-5-4,2021-07-26
292,زنگان,صنعت روي زنگان,679,867111,56365494572,62159,64319,65266,3107,5,65004,2845,4.58,62301,65266,1400-5-4,2021-07-26
293,تسه9912,امتياز تسهيلات مسكن اسفند99,678,21225,12913804961,607403,590650,610123,2720,0.45,608424,1021,0.17,590000,610123,1400-5-4,2021-07-26
294,سرود,سيمان‌شاهرود,676,3935718,97509189670,25660,24510,24960,-700,-2.73,24780,-880,-3.43,24380,25600,1400-5-4,2021-07-26
295,ومشان,س. فني و مهندسي مشانير,673,528494,35836997794,66337,63100,68000,1663,2.51,67810,1473,2.22,63100,68800,1400-5-4,2021-07-26
296,تابا,تابان نيرو سپاهان,672,1506247,50222458751,32404,31737,33376,972,3,33343,939,2.9,31737,33376,1400-5-4,2021-07-26
297,ثتران,سرمايه گذاري مسكن تهران,671,7117613,23817831821,3248,3225,3354,106,3.26,3346,98,3.02,3220,3389,1400-5-4,2021-07-26
298,فسا,پتروشيمي فسا,668,14641222,20812629575,1460,1488,1417,-43,-2.95,1422,-38,-2.6,1417,1488,1400-5-4,2021-07-26
299,سهرمز,سيمان‌هرمزگان‌,667,1219923,23396932460,19890,19210,18990,-900,-4.52,19180,-710,-3.57,18900,20120,1400-5-4,2021-07-26
300,شكلر,نيروكلر,666,867312,28833942430,32970,33950,33050,80,0.24,33250,280,0.85,32820,34390,1400-5-4,2021-07-26
301,سفانو,سيمان فارس نو,665,1059867,32651585500,31150,32680,31180,30,0.1,30810,-340,-1.09,29600,32680,1400-5-4,2021-07-26
302,غشصفا,شيرپاستوريزه‌پگاه‌اصفهان‌,661,2546008,59210113050,22200,23190,23310,1110,5,23260,1060,4.77,22500,23310,1400-5-4,2021-07-26
303,شپاس,نفت پاسارگاد,659,6865345,121872524600,16907,17752,17752,845,5,17752,845,5,17580,17752,1400-5-4,2021-07-26
304,ركيشح,ح. كارت اعتباري ايران كيش,656,3585835,18738421951,5501,5210,5200,-301,-5.47,5226,-275,-5,5180,5500,1400-5-4,2021-07-26
305,پكرمان,گروه‌ صنعتي‌ بارز,645,2022886,55324829150,28130,28500,27210,-920,-3.27,27350,-780,-2.77,26730,28500,1400-5-4,2021-07-26
306,تبرك,گروه كارخانجات صنعتي تبرك,645,3019209,43347216830,13768,14196,14456,688,5,14357,589,4.28,13810,14456,1400-5-4,2021-07-26
307,تپمپي,پمپ‌ سازي‌ ايران‌,634,2571982,42484728840,15850,16000,16640,790,4.98,16520,670,4.23,16000,16640,1400-5-4,2021-07-26
308,تسه9908,امتياز تسهيلات مسكن آبان99,632,12994,7836480758,603940,610000,596000,-7940,-1.31,603085,-855,-0.14,595003,610000,1400-5-4,2021-07-26
309,ثباغ,شهر سازي و خانه سازي باغميشه,628,2538991,31322777860,12142,12235,12490,348,2.87,12337,195,1.61,11678,12700,1400-5-4,2021-07-26
310,لابسا,آبسال‌,627,1221495,44722192430,35190,36490,36940,1750,4.97,36610,1420,4.04,35600,36940,1400-5-4,2021-07-26
311,سيدكو,سرمايه گذاري توسعه صنايع سيمان,625,5103925,34448717140,6870,6800,6750,-120,-1.75,6750,-120,-1.75,6610,6900,1400-5-4,2021-07-26
312,كمنگنز,معادن‌منگنزايران‌,623,418352,29120037480,68500,68000,70370,1870,2.73,69610,1110,1.62,68000,70400,1400-5-4,2021-07-26
313,كپرور,فرآوري زغال سنگ پروده طبس,616,1043329,36564356138,34573,34600,35101,528,1.53,35046,473,1.37,33531,35990,1400-5-4,2021-07-26
314,فباهنر,مس‌ شهيدباهنر,613,2740976,63861704630,22380,22260,23490,1110,4.96,23300,920,4.11,22260,23490,1400-5-4,2021-07-26
315,سخوز,سيمان خوزستان,611,1525608,37852087410,25580,26020,24600,-980,-3.83,24810,-770,-3.01,24430,26020,1400-5-4,2021-07-26
316,اميد,تامين سرمايه اميد,610,4375069,26476076220,6130,6200,6020,-110,-1.79,6050,-80,-1.31,5940,6200,1400-5-4,2021-07-26
317,كحافظ,كاشي‌ وسراميك‌ حافظ‌,597,2101515,20342201710,9560,9900,9530,-30,-0.31,9680,120,1.26,9450,9900,1400-5-4,2021-07-26
318,سكرما,سيمان‌ كرمان‌,594,2984032,51099803060,17890,17970,17000,-890,-4.97,17120,-770,-4.3,17000,18330,1400-5-4,2021-07-26
319,مبين,مبين انرژي خليج فارس,589,4179490,74812771640,17320,17350,17760,440,2.54,17670,350,2.02,17000,18180,1400-5-4,2021-07-26
320,شبصير,توليدات پتروشيمي قائد بصير,588,1026861,91144182360,93431,88760,88760,-4671,-5,88760,-4671,-5,88760,88760,1400-5-4,2021-07-26
321,خكمك,كمك‌فنرايندامين‌,587,1128895,19672429630,17190,17050,17400,210,1.22,17430,240,1.4,17050,17590,1400-5-4,2021-07-26
322,مدير,ص.س.مديريت ثروت ص.بازنشستگي-س,584,6153329,54379043275,8686,8664,8764,78,0.9,8837,151,1.74,8664,8950,1400-5-4,2021-07-26
323,واتي,سرمايه‌ گذاري‌ آتيه‌ دماوند,581,4013452,44196527840,10980,10900,11050,70,0.64,11010,30,0.27,10660,11400,1400-5-4,2021-07-26
324,كطبس,ذغال‌سنگ‌ نگين‌ ط‌بس‌,577,589871,34263477930,59040,58110,57120,-1920,-3.25,58090,-950,-1.61,56980,60110,1400-5-4,2021-07-26
325,بشهاب,لامپ‌  پارس‌ شهاب‌,573,218075,22491673730,106620,105230,102910,-3710,-3.48,103140,-3480,-3.26,101310,105940,1400-5-4,2021-07-26
326,دتوليدح,ح. داروسازي توليد دارو,572,1279982,13259233353,10515,10210,10210,-305,-2.9,10359,-156,-1.48,10150,10700,1400-5-4,2021-07-26
327,شدوص,دوده‌ صنعتي‌ پارس‌,571,3591913,75876297790,20130,21130,21130,1000,4.97,21120,990,4.92,20330,21130,1400-5-4,2021-07-26
328,خچرخش,چرخشگر,568,2332459,25042036650,10920,10760,10700,-220,-2.01,10740,-180,-1.65,10560,11180,1400-5-4,2021-07-26
329,كاسپين,داروسازي كاسپين تامين,565,2065288,44477491335,22659,21527,21527,-1132,-5,21536,-1123,-4.96,21527,22000,1400-5-4,2021-07-26
330,پرداخت,به پرداخت ملت,563,1444455,30045108800,19980,20650,20970,990,4.95,20800,820,4.1,20150,20970,1400-5-4,2021-07-26
331,وسكرشا,س.سهام عدالت استان كرمانشاه,562,35258685,32402731515,967,919,919,-48,-4.96,919,-48,-4.96,919,919,1400-5-4,2021-07-26
332,ركيش,كارت اعتباري ايران كيش,560,3262663,24536557510,7830,7830,7500,-330,-4.21,7520,-310,-3.96,7440,7830,1400-5-4,2021-07-26
333,فاذر,صنايع‌ آذرآب‌,557,17978429,24316556489,1361,1378,1323,-38,-2.79,1353,-8,-0.59,1320,1378,1400-5-4,2021-07-26
334,تكنو,تكنوتار,556,2292784,38663191010,16070,16870,16870,800,4.98,16860,790,4.92,16610,16870,1400-5-4,2021-07-26
335,دتماد,توليدمواداوليه‌داروپخش‌,555,2163967,99853024910,43970,46000,46160,2190,4.98,46140,2170,4.94,45600,46160,1400-5-4,2021-07-26
336,سبجنو,سيمان‌ بجنورد,553,1442486,58269914170,42400,41460,40280,-2120,-5,40400,-2000,-4.72,40280,42150,1400-5-4,2021-07-26
337,تشتاد,صنايع توليدي اشتاد ايران‌,553,2868701,21166563576,7573,7592,7388,-185,-2.44,7378,-195,-2.57,7346,7592,1400-5-4,2021-07-26
338,رنيك,جنرال مكانيك,550,1470342,26064714299,17169,17450,17630,461,2.69,17727,558,3.25,16311,18027,1400-5-4,2021-07-26
339,واحيا,م .صنايع و معادن احياء سپاهان,549,697198,118778799262,171737,171602,172100,363,0.21,170366,-1371,-0.8,168000,173000,1400-5-4,2021-07-26
340,كبافق,معادن‌ بافق‌,544,913480,34393732560,37240,37600,37910,670,1.8,37650,410,1.1,37330,37990,1400-5-4,2021-07-26
341,كي بي سي,شركت كي بي سي,541,3006445,71018793573,24852,23610,23610,-1242,-5,23622,-1230,-4.95,23610,23980,1400-5-4,2021-07-26
342,وپسا,س. پتروشيمي ساختمان  خليج فارس,540,12495420,23435621074,1848,1822,1884,36,1.95,1876,28,1.52,1820,1884,1400-5-4,2021-07-26
343,وسبحان,سرمايه گذاري سبحان,539,9447466,25782058104,2720,2719,2730,10,0.37,2729,9,0.33,2690,2755,1400-5-4,2021-07-26
344,ثجوان,تامين مسكن جوانان,537,2802722,27534770492,9558,9800,9844,286,2.99,9824,266,2.78,9510,9844,1400-5-4,2021-07-26
345,كفرا,فراورده‌ هاي‌ نسوزايران‌,536,1366828,33683332150,25450,24500,24180,-1270,-4.99,24640,-810,-3.18,24180,25880,1400-5-4,2021-07-26
346,دسينا,داروسازي‌ سينا,535,2442762,53870358920,21210,21210,22030,820,3.87,22050,840,3.96,21210,22270,1400-5-4,2021-07-26
347,گوهرانح,ح . س. توسعه گوهران اميد,535,1645394,6163322079,3756,3680,3688,-68,-1.81,3746,-10,-0.27,3680,3830,1400-5-4,2021-07-26
348,كخاك,صنايع‌خاك‌چيني‌ايران‌,525,862185,30995820310,34720,35970,35260,540,1.56,35950,1230,3.54,34720,36450,1400-5-4,2021-07-26
349,اعتلا,شركت سرمايه گذاري اعتلاء البرز,524,2930951,21180393894,7311,7220,7180,-131,-1.79,7226,-85,-1.16,7155,7480,1400-5-4,2021-07-26
350,تسه9911,امتياز تسهيلات مسكن بهمن99,522,13583,8253566554,607505,590005,610000,2495,0.41,607639,134,0.02,590005,610000,1400-5-4,2021-07-26
351,وتوشه,سرمايه‌ گذاري‌ پارس‌ توشه‌,521,3428781,22171797100,6600,6600,6400,-200,-3.03,6470,-130,-1.97,6310,6860,1400-5-4,2021-07-26
352,وبهمن,سرمايه‌گذاري‌بهمن‌,521,3283066,43956709420,13110,13580,13760,650,4.96,13390,280,2.14,12620,13760,1400-5-4,2021-07-26
353,والبرح,ح . سرمايه گذاري‌البرز(هلدينگ‌,518,1380954,11153966746,8139,8051,8051,-88,-1.08,8077,-62,-0.76,8010,8380,1400-5-4,2021-07-26
354,هجرت,پخش هجرت,515,1446749,34242140303,23349,24195,24418,1069,4.58,23668,319,1.37,22788,24440,1400-5-4,2021-07-26
355,دلر,داروسازي‌ اكسير,513,991625,33527463960,33700,33700,33150,-550,-1.63,33810,110,0.33,32880,34880,1400-5-4,2021-07-26
356,اطلس,صندوق س.توسعه اندوخته آينده-س,509,205310,48446566323,233337,235001,236080,2743,1.18,235968,2631,1.13,234000,236989,1400-5-4,2021-07-26
357,وبشهر,توسعه‌ صنايع‌ بهشهر(هلدينگ,508,9287365,109590907000,11240,11800,11800,560,4.98,11800,560,4.98,11800,11800,1400-5-4,2021-07-26
358,ارزش,صندوق س ارزش آفرين بيدار-سهام,508,3086653,28901789830,9340,9380,9370,30,0.32,9360,20,0.21,9300,9450,1400-5-4,2021-07-26
359,زفكاح,ح . كشت و دامداري فكا,508,14900000,115435980786,7805,8150,7650,-155,-1.99,7747,-58,-0.74,7650,8150,1400-5-4,2021-07-26
360,پخش,پخش البرز,503,819360,15821581308,19190,19900,19018,-172,-0.9,19310,120,0.63,18829,19900,1400-5-4,2021-07-26
361,ثمسكن,سرمايه‌گذاري‌ مسكن‌,503,4592736,21874248874,4641,4700,4775,134,2.89,4763,122,2.63,4666,4830,1400-5-4,2021-07-26
362,رتكو,كنترل‌خوردگي‌تكين‌كو,503,1258908,16655494230,13080,13130,13250,170,1.3,13230,150,1.15,12900,13690,1400-5-4,2021-07-26
363,سجام,مجتمع سيمان غرب آسيا,497,5280958,20002750964,3680,3790,3790,110,2.99,3788,108,2.93,3750,3790,1400-5-4,2021-07-26
364,ختراك,ريخته‌گري‌ تراكتورسازي‌ ايران‌,496,2179840,28430250380,12970,13220,12800,-170,-1.31,13040,70,0.54,12620,13450,1400-5-4,2021-07-26
365,دسانكوح,ح . داروسازي سبحان انكولوژي,486,1788297,15586158840,9131,9090,8675,-456,-4.99,8716,-415,-4.54,8675,9090,1400-5-4,2021-07-26
366,زگلدشت,كشت و دام گلدشت نمونه اصفهان,486,1493070,17720675304,11864,11865,11800,-64,-0.54,11869,5,0.04,11560,12380,1400-5-4,2021-07-26
367,تسه9910,امتياز تسهيلات مسكن دي99,485,7934,4802263161,607394,595510,602000,-5394,-0.89,605276,-2118,-0.35,595000,610000,1400-5-4,2021-07-26
368,شرانل,نفت ايرانول,482,1996852,96308171960,45934,48230,48230,2296,5,48230,2296,5,48230,48230,1400-5-4,2021-07-26
369,فن آوا,گروه فن آوا,480,3231906,56081848527,17045,17470,17556,511,3,17353,308,1.81,16700,17556,1400-5-4,2021-07-26
370,وسگيلا,شركت س استان گيلان,477,16809765,9412482235,587,559,560,-27,-4.6,579,-8,-1.36,558,567,1400-5-4,2021-07-26
371,سيستم,همكاران سيستم,476,1047889,29248506520,26870,26100,28210,1340,4.99,27910,1040,3.87,26100,28210,1400-5-4,2021-07-26
372,معيار ,سرمايه گذاري معيار صنعت پارس,474,388845,16631766113,41767,43020,43020,1253,3,42772,1005,2.41,42100,43020,1400-5-4,2021-07-26
373,بپاس,بيمه پاسارگاد,469,1965869,109799681257,53194,55853,55853,2659,5,55511,2317,4.36,55853,55853,1400-5-4,2021-07-26
374,مفاخر,توسعه فناوري اطلاعات خوارزمي,469,518195,20692445727,39351,39500,40200,849,2.16,39932,581,1.48,38390,40600,1400-5-4,2021-07-26
375,كاريس,صندوق س.سپهر كاريزما-س,468,2696865,35603437918,13002,13180,13200,198,1.52,13202,200,1.54,13102,13259,1400-5-4,2021-07-26
376,دكيمي,كيميدارو,458,775166,16642788680,20690,21110,21720,1030,4.98,21470,780,3.77,20880,21720,1400-5-4,2021-07-26
377,كارين,صندوق س نگين سامان-ثابت,454,11912928,119411358137,10160,10023,10024,-136,-1.34,10024,-136,-1.34,10022,10024,1400-5-4,2021-07-26
378,شفا,سرمايه گذاري شفادارو,454,773245,31090628680,39820,39800,40990,1170,2.94,40210,390,0.98,38500,41380,1400-5-4,2021-07-26
379,كقزوي,شيشه‌ قزوين‌,453,4511125,34033086968,7727,7746,7500,-227,-2.94,7544,-183,-2.37,7496,7800,1400-5-4,2021-07-26
380,دعبيد,لابراتوارداروسازي‌  دكترعبيدي‌,452,872953,21871507530,25140,25350,25650,510,2.03,25100,-40,-0.16,24580,25660,1400-5-4,2021-07-26
381,آكورد,صندوق س. آرمان آتي كوثر-د,451,6853575,227678776516,33142,33220,33220,78,0.24,33220,78,0.24,33220,33226,1400-5-4,2021-07-26
382,حفارس,حمل و نقل بين المللي خليج فارس,444,5851857,21718750523,3837,3763,3620,-217,-5.66,3711,-126,-3.28,3600,3769,1400-5-4,2021-07-26
383,وارس,سرمايه گذاري ارس صبا,441,1252943,19086677378,14834,15200,15278,444,2.99,15233,399,2.69,15020,15279,1400-5-4,2021-07-26
384,شكبير,پتروشيمي اميركبير,440,915995,73956244973,79662,78423,81010,1348,1.69,80448,786,0.99,78423,81998,1400-5-4,2021-07-26
385,خديزل,بهمن  ديزل,440,1248710,62327897830,47547,49924,49924,2377,5,49914,2367,4.98,48000,49924,1400-5-4,2021-07-26
386,اتكام,شركت بيمه اتكايي امين,438,2304715,11634693643,5122,5300,4980,-142,-2.77,5064,-58,-1.13,4866,5349,1400-5-4,2021-07-26
387,تصميم,صندوق س با درآمد ثابت تصميم,435,4415090,74763665310,16874,16937,16936,62,0.37,16934,60,0.36,16878,16939,1400-5-4,2021-07-26
388,داسوه,داروسازي‌ اسوه‌,435,1307265,40067252190,29210,30650,30670,1460,5,30650,1440,4.93,30220,30670,1400-5-4,2021-07-26
389,سشمال,سيمان‌ شمال‌,434,2952408,28754445420,10220,10150,9720,-500,-4.89,9740,-480,-4.7,9710,10150,1400-5-4,2021-07-26
390,تسه9909,امتياز تسهيلات مسكن آذر99,429,6527,3951590017,606601,591000,600000,-6601,-1.09,605422,-1179,-0.19,591000,620000,1400-5-4,2021-07-26
391,شاراك,پتروشيمي شازند,428,7136109,214654158720,28650,30080,30080,1430,4.99,30080,1430,4.99,30080,30080,1400-5-4,2021-07-26
392,گنگين,اقتصادي نگين گردشگري ايرانيان,428,3425973,67515786899,19710,19990,19990,280,1.42,19707,-3,-0.02,19300,19990,1400-5-4,2021-07-26
393,پرديس,سرمايه گذاري پرديس,425,3175456,15644240857,4895,4816,4935,40,0.82,4927,32,0.65,4816,4980,1400-5-4,2021-07-26
394,وسنا,سرمايه گذاري نيروگاهي ايران,425,1278839,18400871085,14429,14800,14121,-308,-2.13,14392,-37,-0.26,14100,14800,1400-5-4,2021-07-26
395,وثنو,سرمايه گذاري ساختماني نوين,417,2538449,11805604708,4624,4689,4630,6,0.13,4651,27,0.58,4568,4720,1400-5-4,2021-07-26
396,گوهران,سرمايه گذاري توسعه گوهران اميد,409,2118846,10799423644,5090,5185,5042,-48,-0.94,5095,5,0.1,5010,5193,1400-5-4,2021-07-26
397,عيار,صندوق سكه طلاي مفيد,407,356437,9740107027,26485,26585,27550,1065,4.02,27326,841,3.18,26585,27670,1400-5-4,2021-07-26
398,فجر,فولاد اميركبيركاشان,406,827824,28593040960,36350,34540,34540,-1810,-4.98,34830,-1520,-4.18,34540,34540,1400-5-4,2021-07-26
399,ولملت,واسپاري ملت,406,1883296,9820600060,5380,5230,5170,-210,-3.9,5270,-110,-2.04,5120,5420,1400-5-4,2021-07-26
400,حخزر,كشتيراني درياي خزر,400,508334,12608632664,24624,24624,24500,-124,-0.5,24774,150,0.61,24070,25699,1400-5-4,2021-07-26
401,وايرا,سرمايه گذاري صنايع ايران,399,3301016,27791281494,8179,8424,8424,245,3,8419,240,2.93,8301,8424,1400-5-4,2021-07-26
402,ياقوت,صندوق س ياقوت آگاه-ثابت,398,4146047,52794609868,12688,12733,12737,49,0.39,12734,46,0.36,12733,12738,1400-5-4,2021-07-26
403,گوهر,صندوق سكه طلاي كيان,389,468439,25068434395,51905,52000,53946,2041,3.93,53515,1610,3.1,51501,54150,1400-5-4,2021-07-26
404,قپيرا,فرآورده‌هاي‌غدايي‌وقندپيرانشهر,387,2240655,17915928780,8130,8180,8000,-130,-1.6,8000,-130,-1.6,7730,8300,1400-5-4,2021-07-26
405,شگل,گلتاش‌,384,1104975,8768333030,8280,8290,7900,-380,-4.59,8070,-210,-2.54,7870,8290,1400-5-4,2021-07-26
406,وكادو,تكادو,381,2976572,54841954983,18976,18600,18407,-569,-3,18425,-551,-2.9,18407,19000,1400-5-4,2021-07-26
407,كفرآور,فرآورده هاي سيمان شرق,379,1103550,21402184664,19917,19400,19320,-597,-3,19394,-523,-2.63,19320,19790,1400-5-4,2021-07-26
408,فپنتا,سپنتا,374,48952,18507011340,387170,382020,381000,-6170,-1.59,378060,-9110,-2.35,370000,387170,1400-5-4,2021-07-26
409,گپارس,امور رفاهي كارگزاران پارس,367,115042,14137731084,121025,121100,122006,981,0.81,122892,1867,1.54,117395,124655,1400-5-4,2021-07-26
410,وتوسم,سرمايه‌گذاري‌توسعه‌ملي‌,367,2075712,16845645650,7920,8090,8110,190,2.4,8120,200,2.53,7980,8230,1400-5-4,2021-07-26
411,حتوكا,حمل‌ونقل‌توكا,365,1145939,23310216130,21380,20350,20320,-1060,-4.96,20340,-1040,-4.86,20320,20600,1400-5-4,2021-07-26
412,دقاضي,داروسازي شهيد قاضي,362,404926,11168591805,28082,28920,27310,-772,-2.75,27582,-500,-1.78,27240,28920,1400-5-4,2021-07-26
413,ونوين,بانك‌اقتصادنوين‌,360,5323462,25583642607,4815,4800,4800,-15,-0.31,4811,-4,-0.08,4787,4850,1400-5-4,2021-07-26
414,تسه9907,امتياز تسهيلات مسكن مهر99,351,6621,4005540939,605350,585005,630000,24650,4.07,604975,-375,-0.06,585005,630000,1400-5-4,2021-07-26
415,ولبهمن,شركت بهمن ليزينگ,344,2482813,17564106290,7160,7280,7110,-50,-0.7,7074,-86,-1.2,6850,7280,1400-5-4,2021-07-26
416,فاما,صنعتي‌ آما,342,1327496,20917300080,15060,15790,15810,750,4.98,15760,700,4.65,15050,15810,1400-5-4,2021-07-26
417,خراسان,پتروشيمي خراسان,341,285039,21826686660,76410,75500,75900,-510,-0.67,76480,70,0.09,73670,77990,1400-5-4,2021-07-26
418,كشرق,صنعتي و معدني شمال شرق شاهرود,340,203121,12793043449,62470,62060,62400,-70,-0.11,62903,433,0.69,62060,64234,1400-5-4,2021-07-26
419,مارون,پتروشيمي مارون,338,238148,42693052364,174640,176000,178400,3760,2.15,176566,1926,1.1,165908,183372,1400-5-4,2021-07-26
420,شاملا,معدني‌ املاح‌  ايران‌,338,629274,25214839010,40800,39290,39140,-1660,-4.07,40070,-730,-1.79,39000,41700,1400-5-4,2021-07-26
421,زر,صندوق س.پشتوانه سكه طلاي زر,335,202363,9498071675,45388,45700,47590,2202,4.85,46936,1548,3.41,45341,47720,1400-5-4,2021-07-26
422,قمرو,قند مرودشت‌,333,450309,11693199020,25740,25490,26070,330,1.28,25920,180,0.7,25460,26480,1400-5-4,2021-07-26
423,ساينا,صنايع بهداشتي ساينا,330,142136,15946987188,117906,112011,112011,-5895,-5,112195,-5711,-4.84,112011,115100,1400-5-4,2021-07-26
424,وپاسار,بانك  پاسارگاد,325,3773618,57948020430,15290,15360,15360,70,0.46,15320,30,0.2,15340,15370,1400-5-4,2021-07-26
425,تماوند,تامين سرمايه دماوند,321,5239012,28236308294,5516,5582,5381,-135,-2.45,5390,-126,-2.28,5351,5582,1400-5-4,2021-07-26
426,واحصا,احياء صنايع خراسان,320,280490,10972862106,39846,40991,38651,-1195,-3,39120,-726,-1.82,38651,40991,1400-5-4,2021-07-26
427,شلعاب,لعابيران‌,318,834790,8475578040,10070,10080,10070,0,0,10120,50,0.5,10070,10340,1400-5-4,2021-07-26
428,وزمين,بانك ايران زمين,317,2223467,23332521718,10574,10301,10230,-344,-3.25,10494,-80,-0.76,10210,10738,1400-5-4,2021-07-26
429,دسبحان,سبحان دارو,309,473533,8976509040,19000,19480,18590,-410,-2.16,18970,-30,-0.16,18050,19810,1400-5-4,2021-07-26
430,قهكمت,قندهكمتان‌,308,435909,15851327090,38150,38100,36250,-1900,-4.98,36360,-1790,-4.69,36250,38100,1400-5-4,2021-07-26
431,جم پيلن,پلي پروپيلن جم - جم پيلن,308,3044693,258250860260,80790,84820,84820,4030,4.99,84820,4030,4.99,84820,84820,1400-5-4,2021-07-26
432,دسبحا,گروه دارويي سبحان,298,1199498,19126603270,16210,16260,15910,-300,-1.85,15970,-240,-1.48,15650,16520,1400-5-4,2021-07-26
433,خفنر,فنرسازي‌خاور,296,2666361,18317900070,6550,6870,6870,320,4.89,6870,320,4.89,6870,6870,1400-5-4,2021-07-26
434,ستران,سيمان‌ تهران‌,295,817981,20564681220,25490,25370,25000,-490,-1.92,25140,-350,-1.37,24240,25500,1400-5-4,2021-07-26
435,دارو,كارخانجات‌داروپخش‌,295,439607,10723680680,24800,24950,24000,-800,-3.23,24500,-300,-1.21,23630,25000,1400-5-4,2021-07-26
436,واعتبار,سرمايه گذاري اعتبار ايران,293,1538642,12922601190,8270,8400,8400,130,1.57,8380,110,1.33,8270,8550,1400-5-4,2021-07-26
437,زپارس,ملي كشت و صنعت و دامپروري پارس,288,153252,18205584150,118450,115100,118000,-450,-0.38,118800,350,0.3,115100,124000,1400-5-4,2021-07-26
438,فنفت,صنايع تجهيزات نفت,288,837243,21384638832,24897,25608,25643,746,3,25542,645,2.59,24897,25643,1400-5-4,2021-07-26
439,افرا,افرانت,279,676952,19239379926,27069,28422,28422,1353,5,28421,1352,4.99,28390,28422,1400-5-4,2021-07-26
440,پلوله,گازلوله‌,266,470286,14610463243,31852,32699,30897,-955,-3,31067,-785,-2.46,30897,32699,1400-5-4,2021-07-26
441,وسهمدا,شركت س استان همدان,266,17309362,9814483692,596,567,567,-29,-4.87,585,-11,-1.85,567,570,1400-5-4,2021-07-26
442,تسه9810,امتياز تسهيلات مسكن دي98,262,6018,3615094827,602327,599010,610000,7673,1.27,600714,-1613,-0.27,584444,610000,1400-5-4,2021-07-26
443,باران,بيمه زندگي باران50%تاديه,259,2328660,10386218876,4587,4679,4450,-137,-2.99,4460,-127,-2.77,4450,4685,1400-5-4,2021-07-26
444,آساس,صندوق س.آسمان آرماني سهام-س,257,884272,147762140632,165863,165864,167330,1467,0.88,167100,1237,0.75,165864,168900,1400-5-4,2021-07-26
445,وملل,اعتباري ملل,246,1214960,15789665120,12868,13000,13000,132,1.03,12907,39,0.3,12250,13510,1400-5-4,2021-07-26
446,ما,بيمه  ما,246,868447,6862606740,7960,8090,7860,-100,-1.26,7930,-30,-0.38,7830,8090,1400-5-4,2021-07-26
447,فردا,صندوق س آواي فرداي زاگرس-ثابت,245,8673990,96397208665,11071,11113,11115,44,0.4,11113,42,0.38,11113,11115,1400-5-4,2021-07-26
448,تسه9906,امتياز تسهيلات مسكن شهريور99,240,4386,2652290452,608242,600001,601000,-7242,-1.19,604717,-3525,-0.58,580001,610000,1400-5-4,2021-07-26
449,پسهند,صنايع‌ لاستيكي‌  سهند,237,324313,9858422080,31530,31530,30930,-600,-1.9,30760,-770,-2.44,29960,31530,1400-5-4,2021-07-26
450,پدرخش,درخشان‌ تهران‌,235,407450,10305817570,25320,25400,25190,-130,-0.51,25300,-20,-0.08,24820,25800,1400-5-4,2021-07-26
451,تسه9902,امتياز تسهيلات مسكن ارديبهشت99,235,3608,2184533467,608571,582222,601000,-7571,-1.24,605469,-3102,-0.51,582222,637000,1400-5-4,2021-07-26
452,وصنا,گروه‌صنايع‌بهشهرايران‌,235,2995333,16683370400,5320,5400,5580,260,4.89,5570,250,4.7,5400,5580,1400-5-4,2021-07-26
453,وجامي,سرمايه گذاري جامي,235,1158595,14971315005,13315,12916,12916,-399,-3,12922,-393,-2.95,12916,13190,1400-5-4,2021-07-26
454,شپلي,پلي اكريل ايران,231,5305085,51411578735,9501,9691,9691,190,2,9691,190,2,9691,9691,1400-5-4,2021-07-26
455,آوا,صندوق س.سهام آواي معيار-س,231,1021484,7196728195,7010,7000,7065,55,0.78,7045,35,0.5,7000,7095,1400-5-4,2021-07-26
456,دالبر,البرزدارو,225,588519,8028291530,13680,13350,13690,10,0.07,13660,-20,-0.15,13350,14020,1400-5-4,2021-07-26
457,تسه9904,امتياز تسهيلات مسكن تير99,223,2507,1518295885,609222,612000,601100,-8122,-1.33,605623,-3599,-0.59,590000,634999,1400-5-4,2021-07-26
458,كدماح,ح . معدني‌ دماوند,221,111723,13876183350,135740,127420,122170,-13570,-10,124200,-11540,-8.5,122170,127420,1400-5-4,2021-07-26
459,پارسيان,بيمه پارسيان,221,1751756,15983134720,9030,9010,9110,80,0.89,9110,80,0.89,9000,9270,1400-5-4,2021-07-26
460,وليز,ليزينگ‌ايران‌,219,1288420,8450986260,6840,6740,6410,-430,-6.29,6680,-160,-2.34,6410,6740,1400-5-4,2021-07-26
461,تسه9905,امتياز تسهيلات مسكن مرداد99,219,3504,2115210658,608706,583585,610000,1294,0.21,603656,-5050,-0.83,580180,610000,1400-5-4,2021-07-26
462,سنوين,سرمايه گذاري اقتصاد نوين,218,843584,7033823066,8191,8420,8425,234,2.86,8293,102,1.25,8191,8436,1400-5-4,2021-07-26
463,قشير,قند شيروان قوچان و بجنورد,213,570167,9781645591,17367,17220,17270,-97,-0.56,17228,-139,-0.8,16499,17790,1400-5-4,2021-07-26
464,وساشرقي,شركت س استان آذربايجان شرقي,212,12622203,10186117821,849,807,807,-42,-4.95,843,-6,-0.71,807,807,1400-5-4,2021-07-26
465,كگاز,شيشه‌ و گاز,210,671952,11205358690,16320,16330,16600,280,1.72,16580,260,1.59,16320,16850,1400-5-4,2021-07-26
466,غبشهر,صنعتي‌ بهشهر,208,3477022,86056294500,23580,24750,24750,1170,4.96,24750,1170,4.96,24750,24750,1400-5-4,2021-07-26
467,ساروج,بين المللي ساروج بوشهر,206,1471229,27043538686,18048,17520,18588,540,2.99,18382,334,1.85,17520,18589,1400-5-4,2021-07-26
468,اخزا910,اسنادخزانه-م10بودجه99-020807,198,516878,332256932578,639751,641000,642302,2551,0.4,642815,3064,0.48,638560,644101,1400-5-4,2021-07-26
469,فراز,صندوق س.سهام فراز داريك-س,198,1029593,12518866322,12132,12150,12160,28,0.23,12159,27,0.22,12137,12173,1400-5-4,2021-07-26
470,خكاوه,سايپا ديزل,197,3062884,13620645148,4318,4447,4447,129,2.99,4447,129,2.99,4447,4447,1400-5-4,2021-07-26
471,لوتوس,تامين سرمايه لوتوس پارسيان,190,1120319,8987269230,8100,7920,7990,-110,-1.36,8080,-20,-0.25,7920,8090,1400-5-4,2021-07-26
472,سكه0012پ04,تمام سكه طرح جديد0012صادرات,188,64200,68902986700,1037937,1054000,1079999,42062,4.05,1073255,35318,3.4,1054000,1083777,1400-5-4,2021-07-26
473,وبرق,س.کارکنان صنعت برق زنجان وقزوي,187,463306,41117944194,86165,88749,88749,2584,3,88749,2584,3,88749,88749,1400-5-4,2021-07-26
474,فالوم,آلومتك‌,184,379426,7740812591,20985,20370,20356,-629,-3,20520,-465,-2.22,20356,20955,1400-5-4,2021-07-26
475,فافزا,فولاد افزا سپاهان,182,335620,13773085634,39843,41038,41038,1195,3,41038,1195,3,40711,41038,1400-5-4,2021-07-26
476,فيروزه,صندوق شاخص30 شركت فيروزه- سهام,177,41246,6302803330,151610,154000,153540,1930,1.27,152810,1200,0.79,151000,154000,1400-5-4,2021-07-26
477,قجام,فرآوردههاي غذايي وقندتربت‌جام‌,172,1523799,11270017404,7546,7396,7396,-150,-1.99,7396,-150,-1.99,7396,7396,1400-5-4,2021-07-26
478,غمارگ,مارگارين‌,169,979478,24359617860,23690,24870,24870,1180,4.98,24870,1180,4.98,24870,24870,1400-5-4,2021-07-26
479,غپونه,نوش پونه مشهد,168,726532,10272114839,13741,14145,14153,412,3,14138,397,2.89,13800,14153,1400-5-4,2021-07-26
480,ارمغان,ص سرمايه گذاري ارمغان ايرانيان,167,2556356,25799917314,10055,10091,10097,42,0.42,10092,37,0.37,10090,10110,1400-5-4,2021-07-26
481,سپ,پرداخت الكترونيك سامان كيش,166,174347,4730137550,27480,27390,27040,-440,-1.6,27450,-30,-0.11,26730,27800,1400-5-4,2021-07-26
482,خپويش,سازه‌ پويش‌,164,313205,16790920050,51060,53610,53610,2550,4.99,53610,2550,4.99,53610,53610,1400-5-4,2021-07-26
483,پخشح,ح. پخش البرز,163,170779,2834768617,17209,17150,16600,-609,-3.54,16599,-610,-3.54,16360,17450,1400-5-4,2021-07-26
484,سدشت,صنايع سيمان دشتستان,162,85921,4774444800,56750,56500,56300,-450,-0.79,56530,-220,-0.39,54300,56570,1400-5-4,2021-07-26
485,دفرا,فرآورده‌هاي‌ تزريقي‌ ايران‌,161,145235,3760527030,25970,26650,25600,-370,-1.42,25950,-20,-0.08,25100,26650,1400-5-4,2021-07-26
486,فيروزا,صندوق بادرآمد ثابت فيروزه آسيا,153,1217052,29169733607,23885,23925,23970,85,0.36,23968,83,0.35,23925,24000,1400-5-4,2021-07-26
487,تسه9903,امتياز تسهيلات مسكن خرداد99,153,2068,1247159017,609472,581112,635000,25528,4.19,603075,-6397,-1.05,580200,635000,1400-5-4,2021-07-26
488,چكارن,كارتن‌ ايران‌,153,1368644,3714328651,2768,2769,2736,-32,-1.16,2754,-14,-0.51,2660,2769,1400-5-4,2021-07-26
489,كاردان,صندوق س تجارت شاخصي كاردان,152,54107,9582246960,176320,178180,177280,960,0.54,177100,780,0.44,176500,178180,1400-5-4,2021-07-26
490,اخزا902,اسنادخزانه-م2بودجه99-011019,149,213102,160428644437,749652,750000,754980,5328,0.71,752826,3174,0.42,750000,754980,1400-5-4,2021-07-26
491,تسه9806,امتياز تسهيلات مسكن شهريور98,147,2874,1725728306,606096,586020,604996,-1100,-0.18,600462,-5634,-0.93,585060,609958,1400-5-4,2021-07-26
492,وبازار,صندوق س شاخصي بازارآشنا,144,610358,7012336250,11240,11300,11510,270,2.4,11490,250,2.22,11300,11550,1400-5-4,2021-07-26
493,سپاس,صندوق س. پاداش سهامداري-ثابت,143,3002462,30357825580,10071,10113,10109,38,0.38,10111,40,0.4,10109,10113,1400-5-4,2021-07-26
494,تسه9812,امتياز تسهيلات مسكن اسفند98,141,1804,1082107676,605719,583335,609477,3758,0.62,599838,-5881,-0.97,583335,625500,1400-5-4,2021-07-26
495,پارند2,صندوق س. پارند پايدار سپهر,140,14000000,14000000,11187,1,1,-11186,-99.99,1,-11186,-99.99,1,1,1400-5-4,2021-07-26
496,آتيمس,صندوق س.آرمان آتيه درخشان مس-س,140,32409,5981535699,184261,186600,185149,888,0.48,184564,303,0.16,183830,186600,1400-5-4,2021-07-26
497,نهال,صندوق س. طلاي سرخ نوويرا,140,377074,3528587699,9255,9297,9309,54,0.58,9358,103,1.11,9157,9470,1400-5-4,2021-07-26
498,سكه0011پ02,تمام سكه طرح جديد0011ملت,134,25400,27187585400,1037713,1050000,1076203,38490,3.71,1070377,32664,3.15,1050000,1080000,1400-5-4,2021-07-26
499,زرين,صندوق س. سهام زرين كوروش-س,132,225961,2525145271,11099,11085,11250,151,1.36,11175,76,0.68,11085,11299,1400-5-4,2021-07-26
500,تسه9811,امتياز تسهيلات مسكن بهمن98,132,1829,1100757031,604567,580105,610000,5433,0.9,601835,-2732,-0.45,580105,610000,1400-5-4,2021-07-26
501,خاتم,صندوق س خاتم ايساتيس پويا-ثابت,127,953966,11035417599,11519,11567,11571,52,0.45,11568,49,0.43,11565,11571,1400-5-4,2021-07-26
502,تسه9901,امتياز تسهيلات مسكن فروردين99,127,1803,1083942945,609533,583500,610000,467,0.08,601189,-8344,-1.37,583500,610000,1400-5-4,2021-07-26
503,تسه9805,امتياز تسهيلات مسكن مرداد98,120,1492,895002624,603837,585000,589400,-14437,-2.39,599868,-3969,-0.66,582010,609990,1400-5-4,2021-07-26
504,تسه9809,امتياز تسهيلات مسكن آذر98,119,1568,941934375,607876,600000,609850,1974,0.32,600723,-7153,-1.18,592000,609850,1400-5-4,2021-07-26
505,تسه9807,امتياز تسهيلات مسكن مهر98,114,1762,1064626712,607401,586122,599000,-8401,-1.38,604215,-3186,-0.52,586122,610000,1400-5-4,2021-07-26
506,افق ملت,صندوق س در سهام افق ملت,113,27624,3907069400,137990,140900,141550,3560,2.58,141440,3450,2.5,140010,142000,1400-5-4,2021-07-26
507,تمحركه,ماشين سازي نيرو محركه,110,358987,4919530271,14126,13703,13703,-423,-2.99,13912,-214,-1.51,13703,14000,1400-5-4,2021-07-26
508,تسه9808,امتياز تسهيلات مسكن آبان98,104,1192,716361832,603661,586020,600000,-3661,-0.61,600975,-2686,-0.44,586020,605000,1400-5-4,2021-07-26
509,سكه0112پ03,تمام سكه طرح جديد0112سامان,104,22800,24548686400,1039183,1052000,1080000,40817,3.93,1076697,37514,3.61,1052000,1089900,1400-5-4,2021-07-26
510,اخزا903,اسنادخزانه-م3بودجه99-011110,103,223467,166050132988,741323,738222,744799,3476,0.47,743063,1740,0.23,738222,745000,1400-5-4,2021-07-26
511,اخزا908,اسنادخزانه-م8بودجه99-020606,102,357811,237460494156,661172,660150,665000,3828,0.58,663648,2476,0.37,655555,665000,1400-5-4,2021-07-26
512,صايند,صندوق س. گنجينه آينده روشن-د,102,1382300,13927115740,10047,10055,10095,48,0.48,10075,28,0.28,10054,10100,1400-5-4,2021-07-26
513,آساميد,صندوق س.مشترك آسمان اميد -د,101,2374883,29613070331,12391,12473,12473,82,0.66,12469,78,0.63,12466,12473,1400-5-4,2021-07-26
514,قچار,فراوردههاي غذايي وقند چهارمحال,100,1446156,26030808000,20388,18000,18000,-2388,-11.71,18000,-2388,-11.71,18000,18000,1400-5-4,2021-07-26
515,غگلستا,شير پاستوريزه پگاه گلستان,97,530315,12725230322,23423,23950,24080,657,2.8,23897,474,2.02,23947,24220,1400-5-4,2021-07-26
516,اوصتا,صندوق انديشه ورزان صباتامين -د,97,4626307,89363267775,19261,19315,19320,59,0.31,19316,55,0.29,19315,19320,1400-5-4,2021-07-26
517,زعف0008پ11,زعفران0008نگين سحرخيز(پ),90,84409,11185770244,129782,132100,129000,-782,-0.6,132519,2737,2.11,128501,138000,1400-5-4,2021-07-26
518,سحرخيز,صندوق س. گروه زعفران سحرخيز,90,556027,5078747346,9148,9084,9152,4,0.04,9134,-14,-0.15,9084,9179,1400-5-4,2021-07-26
519,لسرما,سرما آفرين‌,88,299543,6413486640,20740,21800,21070,330,1.59,21020,280,1.35,20710,21800,1400-5-4,2021-07-26
520,تكنار,مجتمع معادن مس تكنار,82,83152,8719401872,110380,104861,104861,-5519,-5,105315,-5065,-4.59,104861,104861,1400-5-4,2021-07-26
521,زعف0008پ05,زعفران0008نگين زرين(پ),82,117151,14996005562,127010,130000,128400,1390,1.09,128006,996,0.78,126102,130000,1400-5-4,2021-07-26
522,اخزا914,اسنادخزانه-م14بودجه99-021025,77,138575,85918379608,618476,617111,622000,3524,0.57,620014,1538,0.25,616753,622190,1400-5-4,2021-07-26
523,زعف0008پ16,زعفران0008نگين بيرجند(پ),77,116392,14717199963,125512,127000,126501,989,0.79,126445,933,0.74,125589,127000,1400-5-4,2021-07-26
524,اخزا901,اسنادخزانه-م1بودجه99-010621,75,67897,54463349875,799385,799386,803999,4614,0.58,802147,2762,0.35,797362,803999,1400-5-4,2021-07-26
525,بفجر,فجر انرژي خليج فارس,73,284041,6927689290,24650,24800,24100,-550,-2.23,24620,-30,-0.12,23700,24800,1400-5-4,2021-07-26
526,نمرينو,ايران‌ مرينوس‌,71,24406,2190063370,86930,90000,87310,380,0.44,87330,400,0.46,86040,91830,1400-5-4,2021-07-26
527,وثوق,سرمايه گذاري وثوق امين,70,798119,13880885648,17929,17392,17392,-537,-3,17392,-537,-3,17392,17392,1400-5-4,2021-07-26
528,سپر,صندوق س سپر سرمايه بيدار- ثابت,67,2970634,36678303163,12304,12346,12349,45,0.37,12347,43,0.35,12344,12349,1400-5-4,2021-07-26
529,سباقر,سيمان باقران,63,190268,2963445221,15997,16000,15600,-397,-2.48,15869,-128,-0.8,15518,16000,1400-5-4,2021-07-26
530,اخزا907,اسنادخزانه-م7بودجه99-020704,60,220627,144150745952,650778,642000,652000,1222,0.19,653369,2591,0.4,642000,655000,1400-5-4,2021-07-26
531,الماس,صندوق س.امين تدبيرگران فردا-س,59,14538,1663477524,112001,112000,114999,2998,2.68,114423,2422,2.16,112000,115000,1400-5-4,2021-07-26
532,دمعيار,صندوق س. توازن معيار-د,57,853915,8556791383,10140,10021,10025,-115,-1.13,10021,-119,-1.17,10020,10025,1400-5-4,2021-07-26
533,زعف0008پ20,زعفران0008نگين وحدت جام(پ),56,92215,11721630310,126130,127000,127500,1370,1.09,127112,982,0.78,125589,128399,1400-5-4,2021-07-26
534,اخزا909,اسنادخزانه-م9بودجه99-020316,56,276989,192576085909,693208,691500,697499,4291,0.62,695248,2040,0.29,691000,697499,1400-5-4,2021-07-26
535,ثروتم,صندوق س. ثروت آفرين پارسيان-س,55,42670,3579864960,82886,83749,83805,919,1.11,83897,1011,1.22,83008,84350,1400-5-4,2021-07-26
536,ضپال2007,اختيارخ اپال-32000-1401/02/12,53,1005,806433000,810,648,819,9,1.11,802,-8,-0.99,648,832,1400-5-4,2021-07-26
537,ضمخا7076,اختيارخ اخابر-9700-1400/07/28,52,610,791872000,1044,1250,1310,266,25.48,1298,254,24.33,1103,1449,1400-5-4,2021-07-26
538,گنجين,صندوق س. گنجينه يكم آويد-د,52,684782,9120631095,13273,13312,13317,44,0.33,13319,46,0.35,13312,13325,1400-5-4,2021-07-26
539,هفارس104,اختيارف ت فارس-11832-01/04/12,51,2027497,2027497,1,1,1,0,0,1,0,0,1,1,1400-5-4,2021-07-26
540,زعف0008پ10,زعفران0008نگين طلاي سرخ(پ),49,158175,21921355920,136007,138800,138807,2800,2.06,138589,2582,1.9,137500,138807,1400-5-4,2021-07-26
541,زعف0008پ09,زعفران0008نگين نوين(پ),46,10997,1461860910,138080,130552,128115,-9965,-7.22,132933,-5147,-3.73,128115,138500,1400-5-4,2021-07-26
542,دارا,صندوق س. دارا الگوريتم-د,43,678279,6780093248,10105,9996,9996,-109,-1.08,9996,-109,-1.08,9995,10000,1400-5-4,2021-07-26
543,اخزا911,اسنادخزانه-م11بودجه99-020906,42,208103,131939928317,632632,633000,634501,1869,0.3,634013,1381,0.22,632004,635001,1400-5-4,2021-07-26
544,اخزا004,اسنادخزانه-م4بودجه00-030522,37,64146,34668271716,534029,540000,542000,7971,1.49,540459,6430,1.2,536500,542990,1400-5-4,2021-07-26
545,فردا2,صندوق س آواي فرداي زاگرس-ثابت,37,3700000,3700000,11071,1,1,-11070,-99.99,1,-11070,-99.99,1,1,1400-5-4,2021-07-26
546,اخزا905,اسنادخزانه-م5بودجه99-020218,36,328268,232074411992,703388,703259,707900,4512,0.64,706966,3578,0.51,703250,707900,1400-5-4,2021-07-26
547,خلنت,لنت‌ ترمزايران‌,32,15845,798977230,50310,52360,49750,-560,-1.11,50320,10,0.02,49750,52360,1400-5-4,2021-07-26
548,هاميد104,اختيارف ت ثاميد-2050-01/04/20,32,1000000,1000000,10,1,1,-9,-90,1,-9,-90,1,1,1400-5-4,2021-07-26
549,اخزا809,اسنادخزانه-م9بودجه98-000923,31,19850,18407832375,923620,923003,927701,4081,0.44,927347,3727,0.4,923003,928499,1400-5-4,2021-07-26
550,سنير,سيمان‌ سفيد ني‌ريز,30,3732,601822320,169740,161260,161260,-8480,-5,169380,-360,-0.21,161260,161260,1400-5-4,2021-07-26
551,اخزا806,اسنادخزانه-م6بودجه98-000519,29,32030,31778635094,988246,990400,993000,4754,0.48,992152,3906,0.4,990202,993000,1400-5-4,2021-07-26
552,ضمخا7071,اختيارخ اخابر-23700-1400/07/28,29,1384,69795000,40,49,52,12,30,50,10,25,48,59,1400-5-4,2021-07-26
553,صنوين,صندوق سرمايه‌گذاري صنوين-مختلط,29,8377,935825220,112900,111710,112680,-220,-0.19,111710,-1190,-1.05,111290,112930,1400-5-4,2021-07-26
554,آكورد2,صندوق س. آرمان آتي كوثر-د,29,2900000,2900000,33142,1,1,-33141,-100,1,-33141,-100,1,1,1400-5-4,2021-07-26
555,اخزا815,اسنادخزانه-م15بودجه98-010406,28,14475,12069755736,832068,832300,837000,4932,0.59,833835,1767,0.21,832300,837000,1400-5-4,2021-07-26
556,بايكا,كارخانجات كابلسازي ‌ايران‌,27,15980,385581420,25398,24129,24129,-1269,-5,25346,-52,-0.2,24129,24129,1400-5-4,2021-07-26
557,وپخش,داروپخش‌ (هلدينگ‌,27,298191,7690345890,24570,25790,25790,1220,4.97,24830,260,1.06,25790,25790,1400-5-4,2021-07-26
558,اوصتا2,صندوق انديشه ورزان صباتامين -د,27,20700000,20700000,19261,1,1,-19260,-99.99,1,-19260,-99.99,1,1,1400-5-4,2021-07-26
559,سفاسي,شركت فارسيت اهواز,25,24604,187039608,7837,7602,7602,-235,-3,7832,-5,-0.06,7602,7602,1400-5-4,2021-07-26
560,گوهر2,صندوق سكه طلاي كيان,25,250000,250000,51905,1,1,-51904,-100,1,-51904,-100,1,1,1400-5-4,2021-07-26
561,اخزا721,اسنادخزانه-م21بودجه97-000728,24,3443,3289408400,952544,953600,956000,3456,0.36,955390,2846,0.3,953600,958000,1400-5-4,2021-07-26
562,ضپال2006,اختيارخ اپال-28000-1401/02/12,24,394,633841000,1866,1300,1880,14,0.75,1609,-257,-13.77,1300,1940,1400-5-4,2021-07-26
563,صايپا112,صكوك مرابحه سايپا112-3ماهه 16%,23,104016,99013694696,981750,1030837,981000,-750,-0.08,951908,-29842,-3.04,951900,1030837,1400-5-4,2021-07-26
564,زماهان,مجتمع توليد گوشت مرغ ماهان,22,29823,479345079,16918,16073,16073,-845,-4.99,16890,-28,-0.17,16073,16073,1400-5-4,2021-07-26
565,هنوري102,اختيارف ت نوري59561-01/02/15,22,106872,106872,1,1,1,0,0,1,0,0,1,1,1400-5-4,2021-07-26
566,اراد61,مرابحه عام دولت61-ش.خ0309,22,165000,165000165000,1000001,1000001,1000001,0,0,1000001,0,0,1000001,1000001,1400-5-4,2021-07-26
567,اراد50,مرابحه عام دولت5-ش.خ0302,22,437800,437800365000,1000001,1000000,1000001,0,0,1000001,0,0,1000000,1000001,1400-5-4,2021-07-26
568,بذر,صندوق س بذر اميد آفرين-سهام,21,10510,1031327310,97620,98500,98040,420,0.43,98130,510,0.52,98040,98500,1400-5-4,2021-07-26
569,اخزا820,اسنادخزانه-م20بودجه98-020806,21,32914,21219337254,637971,647482,644900,6929,1.09,644690,6719,1.05,640001,647482,1400-5-4,2021-07-26
570,اخزا808,اسنادخزانه-م8بودجه98-000817,20,10389,9813275388,942708,942113,945100,2392,0.25,944583,1875,0.2,942113,945100,1400-5-4,2021-07-26
571,جهرم,پتروشيمي جهرم,20,169537,272785033,1658,1609,1609,-49,-2.96,1657,-1,-0.06,1609,1609,1400-5-4,2021-07-26
572,قشهد,شهد,19,20948,378530360,19020,18070,18070,-950,-4.99,18990,-30,-0.16,18070,18070,1400-5-4,2021-07-26
573,تسه0004,امتيازتسهيلات مسكن تير1400,19,568,341337770,608485,601000,595000,-13485,-2.22,600947,-7538,-1.24,595000,601000,1400-5-4,2021-07-26
574,ضمخا7075,اختيارخ اخابر-8700-1400/07/28,18,246,419080000,1413,1701,1700,287,20.31,1704,291,20.59,1700,1740,1400-5-4,2021-07-26
575,اخزا817,اسنادخزانه-م17بودجه98-010512,18,13788,11298095392,816635,816635,821999,5364,0.66,819415,2780,0.34,816635,821999,1400-5-4,2021-07-26
576,اخزا904,اسنادخزانه-م4بودجه99-011215,17,49016,35771827590,726972,727159,731000,4028,0.55,729799,2827,0.39,727150,732000,1400-5-4,2021-07-26
577,زعف0008پ08,زعفران0008نگين روستا(پ),17,17550,2241823633,127893,129089,127300,-593,-0.46,127739,-154,-0.12,127000,129089,1400-5-4,2021-07-26
578,اخزا816,اسنادخزانه-م16بودجه98-010503,17,22240,18364450028,819704,819704,825001,5297,0.65,825740,6036,0.74,817087,827515,1400-5-4,2021-07-26
579,وكار,بانك‌ كارآفرين‌,17,322803,1060329368,3320,3300,3200,-120,-3.61,3319,-1,-0.03,3153,3300,1400-5-4,2021-07-26
580,گكيشح,ح.توريستي ورفاهي آبادگران كيش,16,34000,1214545470,37734,37000,35470,-2264,-6,35722,-2012,-5.33,35470,37000,1400-5-4,2021-07-26
581,زعف0008پ12,زعفران0008پوشالمعمول سحرخيز(پ),15,8000,808000000,95000,98500,101000,6000,6.32,101000,6000,6.32,98500,102000,1400-5-4,2021-07-26
582,قيستو,شركت قند بيستون,15,236893,3106614802,12857,13114,13114,257,2,13014,157,1.22,13114,13114,1400-5-4,2021-07-26
583,طلا2,صندوق س.پشتوانه طلاي لوتوس,15,1500000,1500000,74901,1,1,-74900,-100,1,-74900,-100,1,1,1400-5-4,2021-07-26
584,سپيدما2,صندوق س. سپيد دماوند-د,14,130100000,130100000,10704,1,1,-10703,-99.99,1,-10703,-99.99,1,1,1400-5-4,2021-07-26
585,داريك,صندوق س.اعتماد داريك-د,14,419469,4554214685,10844,10862,10848,4,0.04,10857,13,0.12,10848,10863,1400-5-4,2021-07-26
586,سخند,صندوق س.سپهرخبرگان نفت-د,14,25850,258937790,9981,10005,10004,23,0.23,10017,36,0.36,10004,10053,1400-5-4,2021-07-26
587,غدام,خوراك‌  دام‌ پارس‌,14,2341,852779480,383450,364280,364280,-19170,-5,382300,-1150,-0.3,364280,364280,1400-5-4,2021-07-26
588,ضخوز7039,اختيارخ فخوز-15200-1400/07/14,13,88,242850000,2250,2600,2900,650,28.89,2760,510,22.67,2590,3000,1400-5-4,2021-07-26
589,ثهام,صندوق س ثروت هامرز-سهام,13,10154,102700013,10050,10100,10150,100,1,10114,64,0.64,10100,10150,1400-5-4,2021-07-26
590,اخزا814,اسنادخزانه-م14بودجه98-010318,13,4596,3879706248,840821,843000,845260,4439,0.53,844148,3327,0.4,843000,845260,1400-5-4,2021-07-26
591,اخزا813,اسنادخزانه-م13بودجه98-010219,13,14653,12577980300,854807,854900,858201,3394,0.4,858389,3582,0.42,854800,866400,1400-5-4,2021-07-26
592,گكيش,توريستي ورفاهي آبادگران كيش,12,5370,248179920,47645,46216,46216,-1429,-3,47608,-37,-0.08,46216,46216,1400-5-4,2021-07-26
593,اخزا821,اسنادخزانه-م21بودجه98-020906,12,2482,1573552697,628529,633580,634003,5474,0.87,633986,5457,0.87,632390,635350,1400-5-4,2021-07-26
594,بالبر,كابل‌ البرز,11,7644,357204120,49180,46730,46730,-2450,-4.98,49120,-60,-0.12,46730,46730,1400-5-4,2021-07-26
595,بكاب,صنايع‌جوشكاب‌يزد,10,420,136113600,341130,324080,324080,-17050,-5,340970,-160,-0.05,324080,324080,1400-5-4,2021-07-26
596,اطلس2,صندوق س.توسعه اندوخته آينده-س,10,100000,100000,233337,1,1,-233336,-100,1,-233336,-100,1,1,1400-5-4,2021-07-26
597,اگ000618,گام بانك تجارت0006,10,100000,96000000000,961700,960000,960000,-1700,-0.18,960000,-1700,-0.18,960000,960000,1400-5-4,2021-07-26
598,اخزا718,اسنادخزانه-م18بودجه97-000525,10,2016,1991347026,986000,987001,991000,5000,0.51,987771,1771,0.18,987001,991000,1400-5-4,2021-07-26
599,اخزا812,اسنادخزانه-م12بودجه98-001111,10,10908,9887575516,904132,909508,906000,1868,0.21,906452,2320,0.26,903000,909508,1400-5-4,2021-07-26
600,كساوه,صنايع‌ كاشي‌ و سراميك‌ سينا,10,3752,206322480,57880,54990,54990,-2890,-4.99,57840,-40,-0.07,54990,54990,1400-5-4,2021-07-26
601,سكه0111پ05,تمام سكه طرح جديد0111آينده,10,1700,1842758900,1042000,1065000,1089899,47899,4.6,1083976,41976,4.03,1065000,1089899,1400-5-4,2021-07-26
602,ثتوسا,س.توسعه و عمران استان اردبيل,10,10055,369742460,37909,36772,36772,-1137,-3,37866,-43,-0.11,36772,36772,1400-5-4,2021-07-26
603,آسام,صندوق س.آرمان سپهر آشنا-م,10,4910,540981640,109910,110000,110500,590,0.54,110180,270,0.25,109982,111497,1400-5-4,2021-07-26
604,اراد46,مرابحه عام دولت4-ش.خ 0302,9,205000,205000000000,1000000,1000000,1000000,0,0,1000000,0,0,1000000,1000000,1400-5-4,2021-07-26
605,عيار2,صندوق سكه طلاي مفيد,9,90000,90000,26485,1,1,-26484,-100,1,-26484,-100,1,1,1400-5-4,2021-07-26
606,آساس2,صندوق س.آسمان آرماني سهام-س,8,800000,800000,165863,1,1,-165862,-100,1,-165862,-100,1,1,1400-5-4,2021-07-26
607,كترام,توليدي‌ كاشي‌ تكسرام‌,8,22803,953165400,44000,41800,41800,-2200,-5,43850,-150,-0.34,41800,41800,1400-5-4,2021-07-26
608,اخزا807,اسنادخزانه-م7بودجه98-000719,8,6589,6324172622,957654,959200,960000,2346,0.24,959808,2154,0.22,959200,960000,1400-5-4,2021-07-26
609,ضمخا7077,اختيارخ اخابر-6700-1400/07/28,8,243,563423000,3076,500,3400,324,10.53,2319,-757,-24.61,500,3999,1400-5-4,2021-07-26
610,اخزا811,اسنادخزانه-م11بودجه98-001013,8,8635,7903662160,912511,912004,917306,4795,0.53,915305,2794,0.31,912004,917306,1400-5-4,2021-07-26
611,شگويات.ف0104,اختيارف.تبعي شگويا010408,8,52338,52338,1,1,1,0,0,1,0,0,1,1,1400-5-4,2021-07-26
612,كرونا2,تامين مالي جمعي صرفا اهداي سود,8,9109,91090000,10000,10000,10000,0,0,10000,0,0,10000,10000,1400-5-4,2021-07-26
613,تملي701,تسهيلات مسكن ب. ملي-فروردين97,7,72,65313300,878021,919999,918488,40467,4.61,907129,29108,3.32,834120,919999,1400-5-4,2021-07-26
614,تملي712,تسهيلات مسكن ب. ملي-اسفند97,7,146,118085362,772368,810986,800000,27632,3.58,808804,36436,4.72,800000,810986,1400-5-4,2021-07-26
615,زعف0008پ15,زعفران0008پوشالمعمول طلاسرخ(پ),7,19842,2023884000,100000,102000,102000,2000,2,102000,2000,2,102000,102000,1400-5-4,2021-07-26
616,وسخراج,شركت س استان خراسان جنوبي,7,451833,952915797,2220,2109,2109,-111,-5,2218,-2,-0.09,2109,2109,1400-5-4,2021-07-26
617,قلرست,قند لرستان‌,7,2710,84850100,32950,31310,31310,-1640,-4.98,32940,-10,-0.03,31310,31310,1400-5-4,2021-07-26
618,اخزا723,اسنادخزانه-م23بودجه97-000824,7,4776,4494302010,940845,941000,941043,198,0.02,941018,173,0.02,941000,941044,1400-5-4,2021-07-26
619,تملي703,تسهيلات مسكن ب. ملي-خرداد97,6,145,111340305,731377,767945,767944,36567,5,767864,36487,4.99,767500,767945,1400-5-4,2021-07-26
620,ضغدر8058,اختيارخ وغدير-10000-1400/08/26,6,34,166260000,4621,4890,4890,269,5.82,4890,269,5.82,4890,4890,1400-5-4,2021-07-26
621,ضسپا8039,اختيارخ خساپا-1200-1400/08/26,6,209,175950000,778,800,770,-8,-1.03,842,64,8.23,770,900,1400-5-4,2021-07-26
622,نگين,ص.س. زمين و ساختمان نگين شهرري,6,1258,59896320,48130,47540,47600,-530,-1.1,47610,-520,-1.08,47540,47920,1400-5-4,2021-07-26
623,همبين102,اختيارف ت مبين17952-01/02/10,6,111358,111358,1,1,1,0,0,1,0,0,1,1,1400-5-4,2021-07-26
624,سفارود,كارخانه فارسيت درود,6,7296,123397248,17258,16913,16913,-345,-2,17249,-9,-0.05,16913,16913,1400-5-4,2021-07-26
625,هبساز103,اختيارف ت ثبهساز-2346-01/03/18,6,152277,152277,1,1,1,0,0,1,0,0,1,1,1400-5-4,2021-07-26
626,افران2,صندوق س افرا نماد پايدار-ثابت,6,73100000,73100000,13803,1,1,-13802,-99.99,1,-13802,-99.99,1,1,1400-5-4,2021-07-26
627,ضمخا7066,اختيارخ اخابر-11700-1400/07/28,6,72,49442000,500,666,698,198,39.6,687,187,37.4,600,699,1400-5-4,2021-07-26
628,فلات,گروه صنايع معادن فلات ايرانيان,6,5623,80431392,14746,14304,14304,-442,-3,14742,-4,-0.03,14304,14304,1400-5-4,2021-07-26
629,كمند2,صندوق س. با درآمد ثابت كمند,6,882500000,882500000,10071,1,1,-10070,-99.99,1,-10070,-99.99,1,1,1400-5-4,2021-07-26
630,اراد33,مرابحه عام دولت3-ش.خ 0303,5,4000,3607253500,941579,910000,894502,-47077,-5,901813,-39766,-4.22,894502,910000,1400-5-4,2021-07-26
631,ثشرق,سرمايه گذاري مسكن شمال شرق,5,13838,79706880,6060,5760,5760,-300,-4.95,6060,0,0,5760,5760,1400-5-4,2021-07-26
632,تملي612,تسهيلات مسكن بانك ملي-اسفند96,5,40,26510400,681684,647600,651000,-30684,-4.5,662760,-18924,-2.78,647600,715000,1400-5-4,2021-07-26
633,لپيام,گسترش صنايع پيام,5,1500,75439500,51848,50293,50293,-1555,-3,51836,-12,-0.02,50293,50293,1400-5-4,2021-07-26
634,وشمال,س. چشم انداز توسعه شمال,5,1355,115679060,88012,85372,85372,-2640,-3,87981,-31,-0.04,85372,85372,1400-5-4,2021-07-26
635,ضمخا7070,اختيارخ اخابر-19700-1400/07/28,5,50,5699000,15,122,102,87,580,114,99,660,102,122,1400-5-4,2021-07-26
636,اخزا713,اسنادخزانه-م13بودجه97-000518,5,755,748844350,988374,991800,993883,5509,0.56,991847,3473,0.35,991700,993883,1400-5-4,2021-07-26
637,حاريا,كشتيراني آريا,5,3472,58062256,17064,16723,16723,-341,-2,17060,-4,-0.02,16723,16723,1400-5-4,2021-07-26
638,تملي802,تسهيلات مسكن ب. ملي-ارديبهشت98,5,85,68278936,765031,803282,803282,38251,5,803282,38251,5,803281,803282,1400-5-4,2021-07-26
639,زعف0008پ19,زعفران0008نگين تروند قاينات(پ),5,2781,385568500,134076,138800,138500,4424,3.3,138644,4568,3.41,138500,138800,1400-5-4,2021-07-26
640,ضغدر8056,اختيارخ وغدير-8000-1400/08/26,5,16,81080000,6999,5000,6500,-499,-7.13,5067,-1932,-27.6,4000,6500,1400-5-4,2021-07-26
641,كگهر2,سنگ آهن گهرزمين,4,11500000,493510000000,41718,42700,43000,1282,3.07,42914,1196,2.87,42700,43090,1400-5-4,2021-07-26
642,تملي709,تسهيلات مسكن ب. ملي-آذر97,4,43,33719936,821435,780364,862506,41071,5,784185,-37250,-4.53,780364,862506,1400-5-4,2021-07-26
643,وملت,سرمايه گذاري ملت,4,10511,43799337,4252,4167,4167,-85,-2,4251,-1,-0.02,4167,4167,1400-5-4,2021-07-26
644,جهرمح,ح.پتروشيمي جهرم,4,63500,23295500,375,397,353,-22,-5.87,367,-8,-2.13,353,397,1400-5-4,2021-07-26
645,زعف0008پ18,زعفران0008نگين بهرامن(پ),4,1150,159415660,135527,135010,138600,3073,2.27,138622,3095,2.28,135010,138800,1400-5-4,2021-07-26
646,داراب,پتروشيمي داراب,4,8715,20610975,2438,2365,2365,-73,-2.99,2438,0,0,2365,2365,1400-5-4,2021-07-26
647,ثالوند,سرمايه گذاري مسكن الوند,4,2746,77678848,29776,28288,28288,-1488,-5,29768,-8,-0.03,28288,28288,1400-5-4,2021-07-26
648,شتولي,تولي‌پرس‌,4,2014,62268852,31548,30918,30918,-630,-2,31540,-8,-0.03,30918,30918,1400-5-4,2021-07-26
649,اخزا810,اسنادخزانه-م10بودجه98-001006,3,4413,4051940331,917302,918089,920706,3404,0.37,918183,881,0.1,918089,920706,1400-5-4,2021-07-26
650,گواهي ظرفيت,گواهي ظرفيت نقدي,3,23650000,474229800000,19098,20052,20052,954,5,20052,954,5,20052,20052,1400-5-4,2021-07-26
651,اخزا906,اسنادخزانه-م6بودجه99-020321,3,313,222696683,711490,711491,711491,1,0,711491,1,0,711491,711491,1400-5-4,2021-07-26
652,ضپيك7042,اختيارخ تاپيكو-8070-00/07/18,3,9,42600000,4831,4500,4800,-31,-0.64,4733,-98,-2.03,4500,4800,1400-5-4,2021-07-26
653,زير0103پ04,زيره سبز0103شركت مينوبذر(پ),3,27,20415000,747032,775000,730000,-17032,-2.28,756111,9079,1.22,730000,775000,1400-5-4,2021-07-26
654,سجامح,ح.مجتمع سيمان غرب آسيا,3,15000,39750000,1831,2650,2650,819,44.73,2650,819,44.73,2650,2650,1400-5-4,2021-07-26
655,ضخوز7036,اختيارخ فخوز-9200-1400/07/14,3,3,23489000,7200,7800,7790,590,8.19,7830,630,8.75,7790,7899,1400-5-4,2021-07-26
656,تملي710,تسهيلات مسكن ب. ملي-دي97,3,50,40557140,773064,811717,810999,37935,4.91,811143,38079,4.93,810999,811717,1400-5-4,2021-07-26
657,تملي706,تسهيلات مسكن ب. ملي-شهريور97,3,25,21743751,832996,874645,861591,28595,3.43,869750,36754,4.41,861591,874645,1400-5-4,2021-07-26
658,اخزا0042,اسنادخزانه-م4بودجه00-030522,3,1000000,540460000000,534029,540460,540460,6431,1.2,540460,6431,1.2,540460,540460,1400-5-4,2021-07-26
659,ضفار8050,اختيارخ فارس-7400-1400/08/05,3,30,105000000,3772,3500,3500,-272,-7.21,3500,-272,-7.21,3500,3500,1400-5-4,2021-07-26
660,اشاد10,مشاركت دولتي10-شرايط خاص001226,3,41600,40435200000,955002,972000,972000,16998,1.78,972000,16998,1.78,972000,972000,1400-5-4,2021-07-26
661,نيرو,نيرو سرمايه,3,1343,65276515,50108,48605,48605,-1503,-3,50098,-10,-0.02,48605,48605,1400-5-4,2021-07-26
662,وثخوز,سرمايه گذاري و توسعه خوزستان,2,300,19292700,67693,64309,64309,-3384,-5,67686,-7,-0.01,64309,64309,1400-5-4,2021-07-26
663,زير0103پ01,زيره سبز0103كيميابذر(پ),2,100,73000000,754180,730000,730000,-24180,-3.21,730000,-24180,-3.21,730000,730000,1400-5-4,2021-07-26
664,كمند4,صندوق س. با درآمد ثابت كمند,2,747000000,7552423000000,10071,10111,10109,38,0.38,10110,39,0.39,10109,10111,1400-5-4,2021-07-26
665,بتك,كارخانجات كابل سازي‌ تك‌,2,62,2167458,34274,34959,34959,685,2,34274,0,0,34959,34959,1400-5-4,2021-07-26
666,صايپا012,صكوك مرابحه سايپا012-3ماهه 16%,2,20000,20000200000,1000010,1000010,1000010,0,0,1000010,0,0,1000010,1000010,1400-5-4,2021-07-26
667,وسقم,شركت س استان قم,2,21288,28462056,1407,1337,1337,-70,-4.98,1407,0,0,1337,1337,1400-5-4,2021-07-26
668,كمرجان,بازرگاني و توليدي مرجان كار,2,102,13757556,141976,134878,134878,-7098,-5,141969,-7,0,134878,134878,1400-5-4,2021-07-26
669,ضگل8072,اختيارخ كگل-8700-1400/08/23,2,2,24400000,7200,12000,12400,5200,72.22,12200,5000,69.44,12000,12400,1400-5-4,2021-07-26
670,دحاوي,الحاوي,2,1845,21747015,12151,11787,11787,-364,-3,12150,-1,-0.01,11787,11787,1400-5-4,2021-07-26
671,ثقزوي,شركت عمران و سازندگي قزوين,2,646,19868376,31707,30756,30756,-951,-3,31705,-2,-0.01,30756,30756,1400-5-4,2021-07-26
672,شرق1400,مشاركت ليزينگ ايران وشرق140010,2,20,20160000,1008000,1008000,1008000,0,0,1008000,0,0,1008000,1008000,1400-5-4,2021-07-26
673,اخزا8112,اسنادخزانه-م11بودجه98-001013,2,430000,393648000000,912511,915000,915600,3089,0.34,915460,2949,0.32,915000,915600,1400-5-4,2021-07-26
674,ضسان7080,اختيارخ پارسان-24000-00/07/14,2,11,52300000,5193,4700,4800,-393,-7.57,4755,-438,-8.43,4700,4800,1400-5-4,2021-07-26
675,صشستا3112,صكوك اجاره شستا311-بدون ضامن,2,460000,460000000000,999259,1000000,1000000,741,0.07,1000000,741,0.07,1000000,1000000,1400-5-4,2021-07-26
676,حپترو,حمل و نقل پتروشيمي( سهامي عام,2,695,35104450,53160,50510,50510,-2650,-4.98,53150,-10,-0.02,50510,50510,1400-5-4,2021-07-26
677,اخزا818,اسنادخزانه-م18بودجه98-010614,2,168,134959041,800739,804036,802147,1408,0.18,803328,2589,0.32,802147,804036,1400-5-4,2021-07-26
678,وهنر,گروه توسعه هنر ايران,2,2500,18127500,7475,7251,7251,-224,-3,7475,0,0,7251,7251,1400-5-4,2021-07-26
679,اخزا9092,اسنادخزانه-م9بودجه99-020316,2,370920,258160320000,693208,696000,696000,2792,0.4,696000,2792,0.4,696000,696000,1400-5-4,2021-07-26
680,دشيري,شيرين دارو,2,58,11723018,208372,202121,202121,-6251,-3,208364,-8,0,202121,202121,1400-5-4,2021-07-26
681,غگز,گز سكه,2,12000,198000000,16500,16500,16500,0,0,16500,0,0,16500,16500,1400-5-4,2021-07-26
682,رايان106,مشاركت رايان سايپا-3ماهه16%,2,700,694059400,975046,975046,990099,15053,1.54,991513,16467,1.69,990099,1000000,1400-5-4,2021-07-26
683,شكف,كف,2,572,55760848,99473,97484,97484,-1989,-2,99462,-11,-0.01,97484,97484,1400-5-4,2021-07-26
684,ضمخا7067,اختيارخ اخابر-13700-1400/07/28,2,15,4950000,250,330,330,80,32,330,80,32,330,330,1400-5-4,2021-07-26
685,ثاباد,توريستي ورفاهي آبادگران ايران,2,220,10634800,50880,48340,48340,-2540,-4.99,50880,0,0,48340,48340,1400-5-4,2021-07-26
686,هفارس014,اختيارف ت فارس11832-1401/04/12,1,80000,80000,1,1,1,0,0,1,0,0,1,1,1400-5-4,2021-07-26
687,اراد214,مرابحه عام دولت2ش.خ صادرات0212,1,28806000,27405970788000,1000000,951398,951398,-48602,-4.86,951398,-48602,-4.86,951398,951398,1400-5-4,2021-07-26
688,اراد424,مرابحه عام دولت4-ش.خ 0106,1,3200000,3088393600000,999999,965123,965123,-34876,-3.49,965123,-34876,-3.49,965123,965123,1400-5-4,2021-07-26
689,اراد434,مرابحه عام دولت4-ش.خ 0205,1,1568000,1485876000000,935000,947625,947625,12625,1.35,947625,12625,1.35,947625,947625,1400-5-4,2021-07-26
690,خفناور,مهندسي صنعتي روان فن آور,1,305,14031525,47427,46005,46005,-1422,-3,47425,-2,0,46005,46005,1400-5-4,2021-07-26
691,ضچاد7032,اختيارخ كچاد-15870-1400/07/04,1,5,57500000,11500,11500,11500,0,0,11500,0,0,11500,11500,1400-5-4,2021-07-26
692,وسيزد,شركت س استان يزد,1,4692,5705472,1280,1216,1216,-64,-5,1280,0,0,1216,1216,1400-5-4,2021-07-26
693,تملي707,تسهيلات مسكن ب. ملي-مهر97,1,7,5106500,729703,729500,729500,-203,-0.03,729500,-203,-0.03,729500,729500,1400-5-4,2021-07-26
694,اراد324,مرابحه عام دولت3-ش.خ0211,1,32744840,29428639073840,1000000,898726,898726,-101274,-10.13,898726,-101274,-10.13,898726,898726,1400-5-4,2021-07-26
695,اخزا9082,اسنادخزانه-م8بودجه99-020606,1,400000,266000000000,661172,665000,665000,3828,0.58,665000,3828,0.58,665000,665000,1400-5-4,2021-07-26
696,اعتماد4,صندوق س.اعتماد آفرين پارسيان-د,1,53000000,1999902000000,37604,37734,37734,130,0.35,37734,130,0.35,37734,37734,1400-5-4,2021-07-26
697,اراد55,مرابحه عام دولت5-ش.خ 0209,1,100,95000000,937222,950000,950000,12778,1.36,950000,12778,1.36,950000,950000,1400-5-4,2021-07-26
698,ضخوز7037,اختيارخ فخوز-11200-1400/07/14,1,1,5800000,6000,5800,5800,-200,-3.33,5800,-200,-3.33,5800,5800,1400-5-4,2021-07-26
699,اراد404,مرابحه عام دولت4-ش.خ 0207,1,1047000,952629702000,1000000,909866,909866,-90134,-9.01,909866,-90134,-9.01,909866,909866,1400-5-4,2021-07-26
700,فسديد,لوله‌وتجهيزات‌ سديد - ورشكسته,1,1000,107290000,109479,107290,107290,-2189,-2,109423,-56,-0.05,107290,107290,1400-5-4,2021-07-26
701,اراد544,مرابحه عام دولت5-ش.خ 0109,1,4600000,4389324600000,1015000,954201,954201,-60799,-5.99,954201,-60799,-5.99,954201,954201,1400-5-4,2021-07-26
702,اشاد1,مشاركت دولتي1-شرايط خاص001026,1,1000,984999000,980000,984999,984999,4999,0.51,984999,4999,0.51,984999,984999,1400-5-4,2021-07-26
703,اروند102,منفعت صبا اروند لوتوس 14001222,1,460000,456550000000,980001,992500,992500,12499,1.28,992500,12499,1.28,992500,992500,1400-5-4,2021-07-26
704,نبروج,نساجي بروجرد,1,3420,20691000,5818,6050,6050,232,3.99,5819,1,0.02,6050,6050,1400-5-4,2021-07-26
705,اراد494,مرابحه عام دولت4-ش.خ 0206,1,10712000,10102390792000,968150,943091,943091,-25059,-2.59,943091,-25059,-2.59,943091,943091,1400-5-4,2021-07-26
706,وسصفا,شركت س استان اصفهان,1,11000,9691000,927,881,881,-46,-4.96,927,0,0,881,881,1400-5-4,2021-07-26
707,اروند10,منفعت صبا اروند لوتوس 14001222,1,10000,9925000000,980001,992500,992500,12499,1.28,992500,12499,1.28,992500,992500,1400-5-4,2021-07-26
708,ضفار8051,اختيارخ فارس-8400-1400/08/05,1,1,2600000,2833,2600,2600,-233,-8.22,2600,-233,-8.22,2600,2600,1400-5-4,2021-07-26
709,اراد62,مرابحه عام دولت62-ش.خ0309,1,20000,20000000000,1006667,1000000,1000000,-6667,-0.66,1000000,-6667,-0.66,1000000,1000000,1400-5-4,2021-07-26
710,اراد554,مرابحه عام دولت5-ش.خ 0209,1,9890000,9284464970000,937222,938773,938773,1551,0.17,938773,1551,0.17,938773,938773,1400-5-4,2021-07-26
711,اراد704,مرابحه عام دولت70-ش.خ0112,1,17114000,16194447666000,943750,946269,946269,2519,0.27,946269,2519,0.27,946269,946269,1400-5-4,2021-07-26
712,ضچاد7033,اختيارخ كچاد-17870-1400/07/04,1,10,90000000,8000,9000,9000,1000,12.5,9000,1000,12.5,9000,9000,1400-5-4,2021-07-26
713,ثنظام,س. ساختماني نظام مهندسي ايران,1,150,6859200,47142,45728,45728,-1414,-3,47141,-1,0,45728,45728,1400-5-4,2021-07-26
714,صخود041,ص مرابحه خودرو041- 3ماهه 18%,1,5,5050000,1000000,1010000,1010000,10000,1,1010000,10000,1,1010000,1010000,1400-5-4,2021-07-26
715,اراد45,مرابحه عام دولت4-ش.خ 0107,1,1500,1425000000,997500,950000,950000,-47500,-4.76,950000,-47500,-4.76,950000,950000,1400-5-4,2021-07-26
716,وسخراش,شركت س استان خراسان شمالي,1,10000,13010000,1369,1301,1301,-68,-4.97,1369,0,0,1301,1301,1400-5-4,2021-07-26
717,ضخوز7035,اختيارخ فخوز-8200-1400/07/14,1,1,8800000,7000,8800,8800,1800,25.71,8800,1800,25.71,8800,8800,1400-5-4,2021-07-26
718,اراد504,مرابحه عام دولت5-ش.خ0302,1,1000000,1000000000000,1000001,1000000,1000000,-1,0,1000000,-1,0,1000000,1000000,1400-5-4,2021-07-26
719,ضمخا7078,اختيارخ اخابر-7700-1400/07/28,1,2,5398000,2499,2699,2699,200,8,2699,200,8,2699,2699,1400-5-4,2021-07-26
720,اراد834,مرابحه عام دولت83-ش.خ041220,1,12300000,11278263600000,1000000,916932,916932,-83068,-8.31,916932,-83068,-8.31,916932,916932,1400-5-4,2021-07-26
721,اراد344,مرابحه عام دولت3-ش.خ 0305,1,9793388,8595950449240,1000000,877730,877730,-122270,-12.23,877730,-122270,-12.23,877730,877730,1400-5-4,2021-07-26
722,ضگل8071,اختيارخ كگل-7700-1400/08/23,1,10,125000000,9100,12500,12500,3400,37.36,12500,3400,37.36,12500,12500,1400-5-4,2021-07-26
723,لخانه,لوازم‌ خانگي‌ پارس‌,1,250,5751750,23718,23007,23007,-711,-3,23718,0,0,23007,23007,1400-5-4,2021-07-26
724,ضمخا7068,اختيارخ اخابر-15700-1400/07/28,1,1,400000,251,400,400,149,59.36,400,149,59.36,400,400,1400-5-4,2021-07-26
725,هرمز2,فولاد هرمزگان جنوب,1,8960000,136855040000,15274,15274,15274,0,0,15274,0,0,15274,15274,1400-5-4,2021-07-26
726,اراد314,مرابحه عام دولت3-ش.خ 0208,1,12500000,11309637500000,950000,904771,904771,-45229,-4.76,904771,-45229,-4.76,904771,904771,1400-5-4,2021-07-26
727,اراد644,مرابحه عام دولتي64-ش.خ0111,1,15910000,15089123550000,944500,948405,948405,3905,0.41,948405,3905,0.41,948405,948405,1400-5-4,2021-07-26
728,ضچاد7034,اختيارخ كچاد-21870-1400/07/04,1,1,7700000,5800,7700,7700,1900,32.76,7700,1900,32.76,7700,7700,1400-5-4,2021-07-26
729,اراد334,مرابحه عام دولت3-ش.خ 0303,1,1597000,1410519907000,941579,883231,883231,-58348,-6.2,883231,-58348,-6.2,883231,883231,1400-5-4,2021-07-26
730,سپيدما4,صندوق س. سپيد دماوند-د,1,130000000,1396330000000,10704,10741,10741,37,0.35,10741,37,0.35,10741,10741,1400-5-4,2021-07-26
731,ضفلا7003,اختيارخ فولاد-8160-1400/07/25,1,20,84120000,2825,3000,3000,175,6.19,3000,175,6.19,3000,3000,1400-5-4,2021-07-26
732,افاد44,منفعت دولتي4-شرايط خاص14010729,1,3000000,2909256000000,1070781,969752,969752,-101029,-9.44,969752,-101029,-9.44,969752,969752,1400-5-4,2021-07-26
